,row,col,type,id,bool1,X1,Y1,X2,Y2,bool2,XG,YG,Lng,Ang,typeH,proche route,proche canal,perp route,perp canal,paral route,paral canal
112,0,4,H,11768,1.0,309457.844705,2402777.50292,309456.469505,2402785.242952,1.0,309457.157105,2402781.372936,7.861251,2.965754,HP,1,1,0,0,1,1
113,0,4,H,11769,1.0,309456.469505,2402785.242952,309461.625633,2402794.496712,1.0,309459.047569,2402789.869832,10.593287,0.508349,HO,1,1,0,0,0,1
126,0,4,H,11835,1.0,309358.634177,2402950.743689,309362.071201,2402952.233065,1.0,309360.352689,2402951.488377,3.745848,1.161889,HO,0,1,0,0,0,1
127,0,4,H,11836,1.0,309362.071201,2402952.233065,309369.174369,2402950.972809,1.0,309365.622785,2402951.602937,7.2141,1.746391,HV,0,1,0,0,0,1
128,0,4,H,11840,1.0,309403.430081,2402929.892425,309409.616705,2402923.476649,1.0,309406.523393,2402926.684537,8.912716,2.374376,HO,1,1,1,0,0,1
129,0,4,H,11841,1.0,309409.616705,2402923.476649,309409.940929,2402921.899817,1.0,309409.778817,2402922.688233,1.60982,2.938802,HP,1,1,1,0,0,1
132,0,4,H,11852,1.0,309356.801121,2402959.565417,309361.842081,2402959.794505,1.0,309359.321601,2402959.679961,5.046163,1.525382,HV,0,1,0,0,0,1
135,0,4,H,12007,1.0,309246.345537,2403193.501513,309269.279905,2403142.751209,1.0,309257.812721,2403168.126361,55.691818,2.717155,HO,0,1,0,0,0,1
163,0,4,H,12369,1.0,309324.034817,2402966.324905,309309.484737,2402974.459177,1.0,309316.759777,2402970.392041,16.669469,2.080564,HO,0,1,0,0,0,1
164,0,4,H,12370,1.0,309309.484737,2402974.459177,309294.934657,2402991.873417,1.0,309302.209697,2402983.166297,22.692743,2.445561,HO,0,1,0,0,0,1
165,0,4,H,12371,1.0,309294.934657,2402991.873417,309292.872449,2403015.474313,1.0,309293.903553,2403003.673865,23.690821,3.054436,HP,0,1,0,0,0,1
166,0,4,H,12375,1.0,309281.530273,2402982.364329,309289.320865,2402968.272521,1.0,309285.425569,2402975.318425,16.101937,2.636567,HO,0,1,0,0,0,1
176,0,5,H,11663,1.0,310218.468034,2402668.493704,310256.032258,2402612.99988,1.0,310237.250146,2402640.746792,67.012204,2.546533,HO,1,1,0,0,1,1
196,0,5,H,11914,1.0,310290.976514,2402976.133385,310299.000482,2402987.749865,1.0,310294.988498,2402981.941625,14.11831,0.604484,HO,0,1,0,0,0,1
208,0,5,H,11985,0.0,310868.529698,2403152.499625,310993.061379,2403045.746249,0.0,310930.795539,2403099.122937,164.025677,2.279478,HO,0,1,0,0,0,1
209,0,5,H,11990,1.0,310463.62653,2403123.006633,310466.96765,2403138.749865,1.0,310465.29709,2403130.878249,16.093863,0.209123,HP,1,1,1,0,0,1
210,0,5,H,11993,1.0,310456.751682,2403146.999721,310462.375266,2403153.750921,1.0,310459.563474,2403150.375321,8.786546,0.694527,HO,1,1,1,0,0,1
211,0,5,H,11997,1.0,310380.687874,2403098.999273,310444.280514,2403161.505993,1.0,310412.484194,2403130.252633,89.169019,0.79401,HO,0,1,0,0,0,1
213,0,5,H,12010,1.0,310868.529698,2403152.499625,310887.311939,2403177.001801,1.0,310877.920818,2403164.750713,30.872791,0.654012,HO,0,1,0,0,0,1
214,0,5,H,12011,1.0,310887.311939,2403177.001801,310899.563043,2403204.995849,1.0,310893.437491,2403190.998825,30.557426,0.412522,HO,0,1,0,0,0,1
236,0,5,H,12182,1.0,310622.532642,2403403.501769,310632.624898,2403457.002153,1.0,310627.57877,2403430.251961,54.443959,0.186448,HP,1,1,0,0,1,1
240,0,5,H,12199,1.0,310632.624898,2403457.002153,310632.624898,2403505.744809,1.0,310632.624898,2403481.373481,48.742656,0.0,HP,1,1,0,0,1,1
242,0,5,H,12201,1.0,310653.125858,2403505.744809,310645.440002,2403460.113257,1.0,310649.28293,2403482.929033,46.274301,0.166867,HP,0,1,0,0,0,1
244,0,5,H,12218,1.0,310627.001314,2403531.993033,310632.624898,2403505.744809,1.0,310629.813106,2403518.868921,26.843881,2.930537,HP,1,1,0,0,0,1
247,0,5,H,12228,0.0,310451.031682,2403645.497609,310519.093026,2403621.751913,1.0,310485.062354,2403633.624761,72.084705,1.906479,HV,0,1,0,0,0,1
248,0,5,H,12229,1.0,310519.093026,2403621.751913,310570.18717,2403591.997257,1.0,310544.640098,2403606.874585,59.126569,2.098137,HO,0,1,0,0,0,1
290,0,6,H,11921,1.0,310993.061379,2403045.746249,311050.562947,2403021.244073,1.0,311021.812163,2403033.495161,62.504295,1.973609,HO,0,1,0,0,0,1
313,0,6,H,12065,1.0,310925.000067,2403267.503241,310920.311331,2403238.242953,1.0,310922.655699,2403252.873097,29.633574,0.158892,HP,0,1,0,0,0,1
320,0,6,H,12124,1.0,310947.563651,2403320.246281,310991.906435,2403358.004265,1.0,310969.735043,2403339.125273,58.240431,0.865431,HO,0,1,0,0,0,1
328,0,6,H,12154,1.0,310991.906435,2403358.004265,311032.468259,2403389.242921,1.0,311012.187347,2403373.623593,51.196828,0.914524,HO,0,1,0,0,0,1
374,1,1,H,10964,1.0,306900.474879,2401724.871911,306893.944479,2401741.827879,1.0,306897.209679,2401733.349895,18.170057,2.773963,HO,1,1,1,0,0,1
376,1,1,H,10966,1.0,306902.422527,2401725.101063,306896.011135,2401741.867303,1.0,306899.216831,2401733.484183,17.950286,2.776351,HO,1,1,1,0,0,1
621,1,6,H,10862,1.0,311850.716355,2401583.991719,311861.373155,2401573.503559,1.0,311856.044755,2401578.747639,14.95222,2.348219,HO,0,1,0,0,0,1
622,1,6,H,10863,1.0,311861.373155,2401573.503559,311865.250691,2401560.248551,1.0,311863.311923,2401566.876055,13.810522,2.857,HP,0,1,0,0,0,1
624,1,6,H,10925,1.0,311832.832963,2401594.952423,311834.093219,2401609.387943,1.0,311833.463091,2401602.170183,14.490427,0.087082,HP,0,1,0,0,0,1
625,1,6,H,10926,1.0,311834.093219,2401609.387943,311845.091651,2401623.136039,1.0,311839.592435,2401616.261991,17.606125,0.674739,HO,0,1,0,0,0,1
626,1,6,H,10927,1.0,311845.091651,2401623.136039,311864.682691,2401625.656519,1.0,311854.887171,2401624.396279,19.75251,1.442844,HV,0,1,0,0,0,1
627,1,6,H,10928,1.0,311864.682691,2401625.656519,311871.442179,2401633.561671,1.0,311868.062435,2401629.609095,10.401063,0.707432,HO,0,1,0,0,0,1
628,1,6,H,10929,0.0,311871.442179,2401633.561671,311894.011971,2401634.936455,1.0,311882.727075,2401634.249063,22.611624,1.509959,HV,0,1,0,0,0,1
636,1,6,H,11306,1.0,311410.435651,2402300.494888,311460.374915,2402301.49876,1.0,311435.405283,2402300.996824,49.949353,1.550697,HV,1,1,0,0,1,1
637,1,6,H,11313,1.0,311487.406947,2402317.256264,311536.094947,2402312.003784,1.0,311511.750947,2402314.630024,48.9705,1.678261,HV,1,1,0,0,1,1
638,1,6,H,11314,1.0,311536.094947,2402312.003784,311551.810819,2402306.751272,1.0,311543.952883,2402309.377528,16.570381,1.893342,HV,1,1,0,0,1,1
639,1,6,H,11315,1.0,311551.810819,2402306.751272,311568.408643,2402305.016328,1.0,311560.109731,2402305.8838,16.688253,1.674947,HV,1,1,0,0,1,1
666,1,6,H,12731,1.0,311608.470915,2402342.290152,311633.027299,2402361.866952,1.0,311620.749107,2402352.078552,31.40489,0.897754,HO,1,1,0,0,1,1
667,1,6,H,12734,1.0,311790.613315,2402378.042696,311822.553027,2402370.8482,1.0,311806.583171,2402374.445448,32.739975,1.792351,HV,1,1,1,0,0,1
668,1,6,H,12735,1.0,311867.458211,2402364.658984,311885.802211,2402362.778088,1.0,311876.630211,2402363.718536,18.440176,1.672974,HV,0,1,0,0,0,1
674,1,7,H,10930,1.0,311894.011971,2401634.936455,311913.259299,2401645.247559,1.0,311903.635635,2401640.092007,21.835258,1.078986,HO,0,1,0,0,0,1
675,1,7,H,10938,1.0,311967.907972,2401693.022151,311949.233475,2401690.157991,1.0,311958.570723,2401691.590071,18.892862,1.418609,HV,1,1,1,0,0,1
676,1,7,H,10939,1.0,311949.233475,2401690.157991,311938.079875,2401684.995271,1.0,311943.656675,2401687.576631,12.290503,1.137287,HO,1,1,1,0,0,1
677,1,7,H,10945,1.0,312042.847172,2401693.020519,312028.857892,2401699.437927,1.0,312035.852532,2401696.229223,15.391006,2.000893,HO,0,1,0,0,0,1
678,1,7,H,10946,1.0,312028.857892,2401699.437927,312016.7137,2401702.187591,1.0,312022.785796,2401700.812759,12.451588,1.79346,HV,0,1,0,0,0,1
679,1,7,H,10947,1.0,312016.7137,2401702.187591,312008.433572,2401702.168583,1.0,312012.573636,2401702.178087,8.28015,1.568501,HV,0,1,0,0,0,1
680,1,7,H,10952,1.0,312139.085348,2401716.722631,312124.56842,2401715.258375,1.0,312131.826884,2401715.990503,14.590588,1.470271,HV,0,1,0,0,0,1
685,1,7,H,11017,1.0,312316.256644,2401779.839048,312327.764356,2401783.530472,1.0,312322.0105,2401781.68476,12.085282,1.260388,HV,0,1,0,0,0,1
688,1,7,H,11024,1.0,312381.611076,2401811.943208,312386.652036,2401822.36884,1.0,312384.131556,2401817.156024,11.580375,0.450374,HO,1,1,1,0,0,1
690,1,7,H,11026,1.0,312382.75674,2401836.918888,312395.824484,2401851.713544,1.0,312389.290612,2401844.316216,19.739498,0.723497,HO,1,1,1,0,0,1
707,1,7,H,11261,1.0,312477.962276,2402265.286632,312499.844676,2402266.546856,1.0,312488.903476,2402265.916744,21.918659,1.513269,HV,0,1,0,0,0,1
708,1,7,H,11262,1.0,312499.844676,2402266.546856,312526.997156,2402273.879176,1.0,312513.420916,2402270.213016,28.125079,1.307045,HV,0,1,0,0,0,1
709,1,7,H,11267,1.0,312491.2521,2402061.814824,312541.890948,2402037.526504,1.0,312516.571524,2402049.670664,56.162402,2.018022,HO,0,1,0,0,0,1
711,1,7,H,11269,1.0,312477.674372,2402267.242888,312499.500996,2402268.494472,1.0,312488.587684,2402267.86868,21.862479,1.513517,HV,0,1,0,0,0,1
712,1,7,H,11270,1.0,312499.500996,2402268.494472,312528.486564,2402275.941416,1.0,312513.99378,2402272.217944,29.926913,1.319316,HV,0,1,0,0,0,1
714,1,7,H,11281,1.0,312531.935748,2402283.005608,312494.564004,2402272.500552,1.0,312513.249876,2402277.75308,38.820142,1.296771,HV,0,1,0,0,0,1
716,1,7,H,11304,1.0,312185.002372,2402293.248392,312232.685732,2402302.25524,1.0,312208.844052,2402297.751816,48.526551,1.384107,HV,1,1,1,0,0,1
717,1,7,H,11330,1.0,312134.595012,2402312.745928,312185.002372,2402293.248392,1.0,312159.798692,2402302.99716,54.046793,1.939871,HO,0,1,0,0,0,1
721,1,7,H,11347,1.0,311951.530467,2402323.003592,311978.446372,2402319.431784,1.0,311964.988419,2402321.217688,27.151865,1.702728,HV,0,1,0,0,0,1
722,1,7,H,11370,1.0,312232.685732,2402302.25524,312205.955428,2402360.825032,1.0,312219.32058,2402331.540136,64.381128,2.713443,HO,0,1,0,0,0,1
724,1,7,H,11372,1.0,312232.55882,2402367.137064,312269.334948,2402346.744072,1.0,312250.946884,2402356.940568,42.051846,2.077101,HO,0,1,0,0,0,1
725,1,7,H,11373,1.0,312269.334948,2402346.744072,312283.357028,2402325.09332,1.0,312276.345988,2402335.918696,25.79484,2.566872,HO,0,1,0,0,0,1
729,1,7,H,11392,1.0,312573.281444,2402262.240744,312561.594084,2402284.256872,1.0,312567.437764,2402273.248808,24.925976,2.653567,HO,0,1,0,0,0,1
767,1,7,H,12753,1.0,312405.211972,2401883.433288,312422.288708,2401917.813384,1.0,312413.75034,2401900.623336,38.387575,0.461007,HO,1,1,1,0,0,1
768,1,7,H,12754,1.0,312452.642884,2401958.589544,312431.536996,2401930.920936,1.0,312442.08994,2401944.75524,34.799574,0.651649,HO,1,1,1,0,0,1
856,2,4,H,10243,1.0,309296.653217,2400686.547079,309324.448897,2400681.295751,1.0,309310.551057,2400683.921415,28.287387,1.757522,HV,0,1,0,0,0,1
857,2,4,H,10246,1.0,309144.622177,2400697.889255,309193.363521,2400677.708646,1.0,309168.992849,2400687.79895,52.753915,1.963343,HO,1,1,1,0,0,1
913,2,5,H,10327,1.0,310842.168162,2400798.937735,310842.168162,2400764.567495,1.0,310842.168162,2400781.752615,34.37024,0.0,HP,0,1,0,0,0,1
915,2,5,H,10344,1.0,309955.072578,2400821.975143,309975.593986,2400888.016103,1.0,309965.333282,2400854.995623,69.155886,0.301278,HP,1,1,0,0,1,1
920,2,5,H,10361,1.0,310884.009603,2400898.614471,310883.527043,2400895.632679,1.0,310883.768323,2400897.123575,3.020587,0.160444,HP,0,1,0,0,0,1
940,2,5,H,10607,0.0,310895.065731,2401081.106503,310908.502723,2401094.407239,1.0,310901.784227,2401087.756871,18.906674,0.790494,HO,0,1,0,0,0,1
959,2,5,H,12698,1.0,310207.12445,2401275.752199,310240.000194,2401329.747367,1.0,310223.562322,2401302.749783,63.216238,0.546912,HO,1,1,0,0,1,1
960,2,5,H,12699,1.0,310240.000194,2401329.747367,310286.18557,2401367.999303,1.0,310263.092882,2401348.873335,59.969155,0.87908,HO,1,1,0,0,1,1
961,2,5,H,12700,1.0,310286.18557,2401367.999303,310327.614818,2401385.117255,1.0,310306.900194,2401376.558279,44.826408,1.178975,HO,1,1,0,0,1,1
994,2,6,H,10514,1.0,311320.143587,2401102.885223,311295.268739,2401093.716327,1.0,311307.706163,2401098.300775,26.510879,1.217647,HO,1,1,0,0,1,1
996,2,6,H,10558,1.0,311362.991843,2401140.348775,311353.940995,2401122.476231,1.0,311358.466419,2401131.412503,20.033614,0.468763,HO,1,1,0,0,1,1
999,2,6,H,10593,1.0,310958.110403,2401160.741767,310939.435939,2401139.317639,1.0,310948.773171,2401150.029703,28.420571,0.716933,HO,0,1,0,0,0,1
1000,2,6,H,10594,1.0,310939.435939,2401139.317639,310928.781155,2401114.227367,1.0,310934.108547,2401126.772503,27.258873,0.401581,HO,0,1,0,0,0,1
1001,2,6,H,10616,1.0,311354.748739,2401179.751783,311396.905923,2401201.998279,1.0,311375.827331,2401190.875031,47.666915,1.085232,HO,1,1,0,0,1,1
1003,2,6,H,10680,1.0,311446.511491,2401263.508807,311427.951555,2401263.279655,1.0,311437.231523,2401263.394231,18.561351,1.55845,HV,0,1,0,0,0,1
1004,2,6,H,10684,1.0,311418.169251,2401229.836999,311409.047939,2401215.505,1.0,311413.608595,2401222.670999,16.988364,0.566776,HO,0,1,0,0,0,1
1005,2,6,H,10685,1.0,311409.047939,2401215.505,311408.939811,2401214.207143,1.0,311408.993875,2401214.856072,1.302353,0.083121,HP,0,1,0,0,0,1
1007,2,6,H,10721,1.0,311548.591107,2401351.840295,311551.111555,2401339.237863,1.0,311549.851331,2401345.539079,12.852002,2.9442,HP,0,1,0,0,0,1
1008,2,6,H,10722,1.0,311551.111555,2401339.237863,311542.175331,2401325.260647,1.0,311546.643443,2401332.249255,16.589716,0.568846,HO,0,1,0,0,0,1
1009,2,6,H,10723,1.0,311542.175331,2401325.260647,311526.937827,2401318.959431,1.0,311534.556579,2401322.110039,16.488992,1.178678,HO,0,1,0,0,0,1
1011,2,6,H,10725,1.0,311500.587331,2401317.699175,311476.368195,2401304.109639,1.0,311488.477763,2401310.904407,27.771245,1.059465,HO,0,1,0,0,0,1
1014,2,6,H,10741,1.0,311572.535683,2401400.646023,311555.006851,2401394.230247,1.0,311563.771267,2401397.438135,18.666069,1.219928,HO,1,1,0,0,1,1
1015,2,6,H,10745,1.0,311558.443907,2401384.721159,311576.430979,2401391.366055,1.0,311567.437443,2401388.043607,19.175229,1.216921,HO,1,1,0,0,1,1
1016,2,6,H,10746,1.0,311576.430979,2401391.366055,311584.221571,2401402.937383,1.0,311580.326275,2401397.151719,13.949515,0.592558,HO,1,1,1,0,0,1
1017,2,6,H,10747,1.0,311584.221571,2401402.937383,311597.855107,2401416.341767,1.0,311591.038339,2401409.639575,19.119383,0.793873,HO,1,1,0,0,1,1
1018,2,6,H,10748,1.0,311597.855107,2401416.341767,311608.739011,2401416.227175,1.0,311603.297059,2401416.284471,10.884507,1.581325,HV,1,1,0,0,1,1
1019,2,6,H,10749,1.0,311608.739011,2401416.227175,311627.184355,2401412.561031,1.0,311617.961683,2401414.394103,18.806151,1.766997,HV,1,1,1,0,0,1
1020,2,6,H,10752,1.0,311650.326979,2401416.456327,311659.377827,2401422.757543,1.0,311654.852403,2401419.606935,11.02829,0.962624,HO,1,1,0,0,1,1
1021,2,6,H,10755,1.0,311586.054659,2401420.237063,311598.771651,2401426.423719,1.0,311592.413155,2401423.330391,14.142015,1.118017,HO,1,1,0,0,1,1
1023,2,6,H,10765,1.0,311657.086467,2401430.777255,311651.587235,2401426.881959,1.0,311654.336851,2401428.829607,6.739057,0.954499,HO,1,1,0,0,1,1
1024,2,6,H,10766,1.0,311651.587235,2401426.881959,311628.559171,2401423.444967,1.0,311640.073203,2401425.163463,23.283141,1.422638,HV,1,1,0,0,1,1
1025,2,6,H,10777,1.0,310913.876547,2401452.243911,310945.404643,2401432.499463,1.0,310929.640595,2401442.371687,37.200323,2.130294,HO,0,1,0,0,0,1
1026,2,6,H,10778,1.0,310945.404643,2401432.499463,310969.219331,2401408.753799,1.0,310957.311987,2401420.626631,33.630283,2.354743,HO,0,1,0,0,0,1
1027,2,6,H,10831,1.0,311789.755587,2401527.472199,311813.936003,2401506.501127,1.0,311801.845795,2401516.986663,32.007474,2.285234,HO,0,1,0,0,0,1
1031,2,6,H,10841,1.0,311773.601571,2401508.224871,311759.166083,2401489.321223,1.0,311766.383827,2401498.773047,23.785105,0.652171,HO,0,1,0,0,0,1
1033,2,6,H,10872,1.0,311766.956675,2401541.678567,311768.331459,2401551.416807,1.0,311767.644067,2401546.547687,9.834803,0.140247,HP,0,1,0,0,0,1
1034,2,6,H,12708,1.0,310940.810723,2401451.743111,310952.152931,2401446.816743,1.0,310946.481827,2401449.279927,12.365872,1.980551,HO,0,1,0,0,0,1
1036,2,6,H,12710,1.0,310969.452611,2401447.847815,310983.086115,2401434.328839,1.0,310976.269363,2401441.088327,19.199874,2.351977,HO,1,1,0,0,1,1
1037,2,6,H,12711,1.0,310983.086115,2401434.328839,310997.750787,2401401.562567,1.0,310990.418451,2401417.945703,35.898206,2.720775,HO,1,1,0,0,1,1
1038,2,6,H,12712,1.0,310997.750787,2401401.562567,311019.862275,2401376.586855,1.0,311008.806531,2401389.074711,33.357219,2.416948,HO,1,1,0,0,1,1
1063,2,7,H,10653,0.0,312879.750084,2401271.504647,312891.321668,2401188.467079,0.0,312885.535876,2401229.985863,83.839962,3.003131,HP,0,1,0,0,0,1
1064,2,7,H,10654,1.0,312777.441764,2401263.854183,312778.472708,2401262.821383,1.0,312777.957236,2401263.337783,1.459288,2.357094,HO,0,1,0,0,0,1
1065,2,7,H,10655,1.0,312778.472708,2401262.821383,312820.86266,2401271.757639,1.0,312799.667684,2401267.289511,43.321642,1.363028,HV,0,1,0,0,0,1
1066,2,7,H,10656,1.0,312820.86266,2401271.757639,312828.863428,2401268.398695,1.0,312824.863044,2401270.078167,8.677257,1.968278,HO,0,1,0,0,0,1
1068,2,7,H,10669,1.0,312830.361764,2401269.864519,312821.091812,2401273.705287,1.0,312825.726788,2401271.784903,10.034117,1.96359,HO,0,1,0,0,0,1
1069,2,7,H,10670,1.0,312821.091812,2401273.705287,312779.274724,2401264.883591,1.0,312800.183268,2401269.294439,42.737468,1.362886,HV,0,1,0,0,0,1
1070,2,7,H,10671,1.0,312779.274724,2401264.883591,312774.462884,2401270.955687,1.0,312776.868804,2401267.919639,7.747526,2.471472,HO,0,1,0,0,0,1
1071,2,7,H,10672,1.0,312774.462884,2401270.955687,312761.28762,2401281.381287,1.0,312767.875252,2401276.168487,16.801212,2.24021,HO,1,1,0,0,1,1
1073,2,7,H,10674,1.0,312741.009156,2401283.901767,312734.740516,2401294.108039,1.0,312737.874836,2401289.004903,11.977639,2.590801,HO,1,1,0,0,1,1
1079,2,7,H,10708,1.0,312694.609348,2401304.523943,312722.448324,2401278.746695,1.0,312708.528836,2401291.635319,37.940415,2.31776,HO,1,1,0,0,1,1
1081,2,7,H,10796,1.0,312429.84378,2401462.008839,312441.311044,2401455.750375,1.0,312435.577412,2401458.879607,13.06394,2.070384,HO,1,1,0,0,1,1
1082,2,7,H,10812,1.0,312440.03242,2401462.006791,312424.68762,2401473.501383,1.0,312432.36002,2401467.754087,19.172598,2.213713,HO,1,1,0,0,1,1
1092,2,7,H,12760,1.0,312793.276452,2401312.948583,312837.716932,2401284.249447,1.0,312815.496692,2401298.599015,52.901764,2.144205,HO,0,1,0,0,0,1
1105,2,8,H,10239,1.0,313063.287429,2400668.330854,313069.588645,2400648.396134,1.0,313066.438037,2400658.363494,20.906898,2.835438,HP,0,1,0,0,0,1
1106,2,8,H,10242,1.0,313058.131877,2400609.214054,313056.874661,2400592.260774,1.0,313057.503269,2400600.737414,16.999832,0.074022,HP,1,1,1,0,0,1
1107,2,8,H,10266,1.0,313051.716101,2400701.784551,313051.824581,2400684.963143,1.0,313051.770341,2400693.373847,16.821758,3.135144,HP,0,1,0,0,0,1
1109,2,8,H,10288,1.0,313035.332965,2400742.799719,313035.332965,2400733.176039,1.0,313035.332965,2400737.987879,9.62368,0.0,HP,0,1,0,0,0,1
1111,2,8,H,10322,1.0,313060.537797,2400788.282951,313046.216869,2400758.839143,1.0,313053.377333,2400773.561047,32.74182,0.452694,HO,0,1,0,0,0,1
1114,2,8,H,10352,1.0,313070.515301,2400896.379111,313073.025637,2400871.000679,1.0,313071.770469,2400883.689895,25.502286,3.042997,HP,1,1,1,0,0,1
1129,2,8,H,10502,1.0,313070.041509,2400940.454695,313070.046917,2400958.301095,1.0,313070.044213,2400949.377895,17.846401,0.000303,HP,1,1,0,0,0,1
1131,2,8,H,10507,1.0,313032.927077,2401058.089351,313035.447525,2401070.806311,1.0,313034.187301,2401064.447831,12.964325,0.19566,HP,0,1,0,0,0,1
1142,2,8,H,10585,1.0,312950.974084,2401197.392679,312967.73818,2401198.778183,1.0,312959.356132,2401198.085431,16.821253,1.488337,HV,0,1,0,0,0,1
1143,2,8,H,10586,1.0,312967.73818,2401198.778183,312990.19338,2401186.290343,1.0,312978.96578,2401192.534263,25.69401,2.078328,HO,0,1,0,0,0,1
1144,2,8,H,10587,1.0,312990.19338,2401186.290343,313001.650116,2401163.605959,1.0,312995.921748,2401174.948151,25.413344,2.673914,HO,0,1,0,0,0,1
1145,2,8,H,10597,1.0,312991.593252,2401187.735207,312968.196452,2401200.725831,1.0,312979.894852,2401194.230519,26.761288,2.077647,HO,0,1,0,0,0,1
1175,3,2,H,9676,1.0,307876.360448,2399604.915749,307898.701088,2399613.393734,1.0,307887.530768,2399609.154742,23.895197,1.208098,HO,0,1,0,0,0,1
1176,3,2,H,9677,1.0,307898.701088,2399613.393734,307908.454784,2399643.735686,1.0,307903.577936,2399628.56471,31.871125,0.311026,HP,0,1,0,0,0,1
1177,3,2,H,9723,1.0,307915.883904,2399670.27447,307904.658592,2399720.62887,1.0,307910.271248,2399695.45167,51.590437,2.922253,HP,0,1,0,0,0,1
1178,3,2,H,9724,1.0,307904.658592,2399720.62887,307915.771648,2399743.19863,1.0,307910.21512,2399731.91375,25.157386,0.457539,HO,0,1,0,0,0,1
1180,3,2,H,9765,1.0,307899.097792,2399785.095238,307905.460544,2399828.436838,1.0,307902.279168,2399806.766038,43.806151,0.145764,HP,0,1,0,0,0,1
1182,3,2,H,9771,1.0,307875.561984,2399605.74599,307898.001696,2399613.995846,1.0,307886.78184,2399609.870918,23.908174,1.218489,HO,0,1,0,0,0,1
1183,3,2,H,9774,1.0,307914.844672,2399670.24743,307903.625312,2399720.74919,1.0,307909.234992,2399695.49831,51.732986,2.922985,HP,0,1,0,0,0,1
1184,3,2,H,9775,1.0,307903.625312,2399720.74919,307914.845152,2399743.24359,1.0,307909.235232,2399731.99639,25.13728,0.462674,HO,0,1,0,0,0,1
1186,3,2,H,9777,1.0,307898.00112,2399785.249574,307904.532832,2399828.75383,1.0,307901.266976,2399807.001702,43.991858,0.149026,HP,0,1,0,0,0,1
1188,3,2,H,12836,1.0,307926.65616,2399643.750534,307923.381088,2399623.506278,1.0,307925.018624,2399633.628406,20.507462,0.160388,HP,0,1,0,0,0,1
1210,3,3,H,10009,1.0,308047.989824,2400282.124102,308048.78448,2400282.811366,1.0,308048.387152,2400282.467734,1.050624,0.85774,HO,0,1,0,0,0,1
1242,3,4,H,9685,1.0,309145.653281,2399688.66455,309168.439777,2399688.243238,1.0,309157.046529,2399688.453894,22.790391,1.589284,HV,0,1,0,0,0,1
1246,3,4,H,9764,1.0,309195.146433,2399915.851782,309219.665473,2399947.249862,1.0,309207.405953,2399931.550822,39.837454,0.662991,HO,1,1,1,0,0,1
1274,3,4,H,9988,1.0,309245.821025,2400197.729062,309273.281441,2400229.53751,1.0,309259.551233,2400213.633286,42.02204,0.712168,HO,0,1,0,0,0,1
1275,3,4,H,9989,1.0,309273.281441,2400229.53751,309296.742753,2400283.094502,1.0,309285.012097,2400256.316006,58.470373,0.412883,HO,0,1,0,0,0,1
1291,3,4,H,10096,1.0,309395.914753,2400488.356422,309357.488513,2400423.843878,1.0,309376.701633,2400456.10015,75.089575,0.537207,HO,0,1,0,0,0,1
1297,3,4,H,10183,1.0,309546.753953,2400517.903814,309453.152321,2400501.291494,1.0,309499.953137,2400509.597654,95.064371,1.395146,HV,0,1,0,0,0,1
1298,3,4,H,10184,1.0,309453.152321,2400501.291494,309437.456609,2400503.926534,1.0,309445.304465,2400502.609014,15.915364,1.737128,HV,0,1,0,0,0,1
1299,3,4,H,10187,1.0,309419.354913,2400554.565382,309408.585569,2400561.324838,1.0,309413.970241,2400557.94511,12.714913,2.131304,HO,0,1,0,0,0,1
1313,3,5,H,9789,1.0,310164.272546,2399790.171334,310163.126242,2399789.706438,1.0,310163.699394,2399789.938886,1.236989,1.185505,HO,1,1,0,0,1,1
1319,3,5,H,9887,1.0,310159.804386,2400082.891142,310172.29117,2400125.62007,1.0,310166.047778,2400104.255606,44.516076,0.284316,HP,1,1,1,0,0,1
1326,3,5,H,10013,1.0,310470.055618,2400358.079494,310427.780802,2400318.24535,1.0,310448.91821,2400338.162422,58.085447,0.815114,HO,0,1,0,0,0,1
1332,3,5,H,10087,1.0,310585.875746,2400449.006118,310579.000834,2400432.506406,1.0,310582.43829,2400440.756262,17.8747,0.394793,HO,1,1,0,0,1,1
1348,3,5,H,13092,1.0,310190.737602,2399942.546022,310190.852162,2399907.94663,1.0,310190.794882,2399925.246326,34.599582,3.138282,HP,0,1,0,0,0,1
1412,3,8,H,10124,1.0,313235.826021,2400522.715622,313236.974213,2400523.064006,1.0,313236.400117,2400522.889814,1.199882,1.276205,HV,0,1,0,0,0,1
1423,4,2,H,9622,1.0,307895.155424,2399184.494181,307912.0952,2399240.744485,1.0,307903.625312,2399212.619333,58.745661,0.292511,HP,1,1,1,0,0,1
1424,4,2,H,9623,1.0,307912.0952,2399240.744485,307916.219648,2399248.251429,1.0,307914.157424,2399244.497957,8.565353,0.502396,HO,0,1,0,0,0,1
1425,4,2,H,9624,0.0,307916.219648,2399248.251429,307940.062176,2399271.503077,1.0,307928.140912,2399259.877253,33.303232,0.797944,HO,0,1,0,0,0,1
1433,4,2,H,9639,1.0,307881.1856,2399555.242949,307869.9384,2399563.507141,1.0,307875.562,2399559.375045,13.956947,2.204484,HO,1,1,0,0,1,1
1434,4,2,H,12971,0.0,307927.572064,2399430.200357,307962.286016,2399428.940101,0.0,307944.92904,2399429.570229,34.736821,1.607084,HV,0,1,0,0,0,1
1436,4,2,H,12986,1.0,307869.93856,2399159.249765,307889.408928,2399173.491845,1.0,307879.673744,2399166.370805,24.123268,0.939257,HO,1,1,0,0,1,1
1437,4,2,H,12987,1.0,307796.853152,2399005.422821,307802.344512,2399027.499493,1.0,307799.598832,2399016.461157,22.749384,0.243793,HP,0,1,0,0,0,1
1449,4,3,H,9077,1.0,308504.761824,2398803.215269,308530.540608,2398747.492901,1.0,308517.651216,2398775.354085,61.396482,2.708286,HO,0,1,0,0,0,1
1463,4,3,H,9206,1.0,308576.341408,2398948.910053,308568.347872,2398928.853189,1.0,308572.34464,2398938.881621,21.591072,0.37925,HO,1,1,1,0,0,1
1470,4,3,H,9311,1.0,308581.069152,2399090.176325,308596.531488,2399115.598117,1.0,308588.80032,2399102.887221,29.754854,0.54645,HO,1,1,1,0,0,1
1471,4,3,H,9312,1.0,308596.531488,2399115.598117,308615.531584,2399132.771589,1.0,308606.031536,2399124.184853,25.611165,0.835851,HO,1,1,0,0,0,1
1475,4,3,H,9582,1.0,308869.316577,2399420.462117,308882.950113,2399437.188997,1.0,308876.133345,2399428.825557,21.579199,0.683861,HO,0,1,0,0,0,1
1478,4,3,H,9626,1.0,307937.31232,2399288.498405,307959.875424,2399330.502245,1.0,307948.593872,2399309.500325,47.680355,0.492938,HO,0,1,0,0,0,1
1479,4,3,H,9627,1.0,307959.875424,2399330.502245,307971.094912,2399383.754213,1.0,307965.485168,2399357.128229,54.421035,0.20765,HP,0,1,0,0,0,1
1481,4,3,H,9629,1.0,307968.125472,2399402.249509,307934.43856,2399398.000869,1.0,307951.282016,2399400.125189,33.953777,1.445337,HV,0,1,0,0,0,1
1516,4,4,H,13045,1.0,309092.155521,2399299.002565,309086.651041,2399351.377957,1.0,309089.403281,2399325.190261,52.663849,3.03688,HP,1,1,0,0,1,1
1596,4,6,H,9162,1.0,311790.988835,2398885.479621,311780.246499,2398863.893413,1.0,311785.617667,2398874.686517,24.111453,0.461764,HO,0,1,0,0,0,1
1597,4,6,H,9163,1.0,311780.246499,2398863.893413,311758.020419,2398849.114245,1.0,311769.133459,2398856.503829,26.691243,0.983985,HO,1,1,0,0,1,1
1599,4,6,H,9181,1.0,311774.969699,2398908.756741,311771.188515,2398890.249253,1.0,311773.079107,2398899.502997,18.889798,0.201532,HP,0,1,0,0,0,1
1612,4,6,H,9272,1.0,311846.351907,2398980.179397,311822.980131,2398959.328101,1.0,311834.666019,2398969.753749,31.321182,0.842331,HO,0,1,0,0,0,1
1613,4,6,H,9273,1.0,311822.980131,2398959.328101,311813.102659,2398941.841509,1.0,311818.041395,2398950.584805,20.08346,0.51418,HO,0,1,0,0,0,1
1635,4,6,H,13169,0.0,311469.532099,2398601.503397,311410.875779,2398556.501125,0.0,311440.203939,2398579.002261,73.930835,0.916366,HO,1,1,0,0,1,1
1654,4,7,H,9060,1.0,312254.166916,2398712.707141,312269.907812,2398744.170469,1.0,312262.037364,2398728.438805,35.1812,0.463882,HO,0,1,0,0,0,1
1655,4,7,H,9061,1.0,312269.907812,2398744.170469,312283.021284,2398758.467877,1.0,312276.464548,2398751.319173,19.40049,0.742233,HO,0,1,0,0,0,1
1656,4,7,H,9066,1.0,312330.281668,2398778.999877,312375.532964,2398753.243621,1.0,312352.907316,2398766.121749,52.067884,2.088248,HO,1,1,0,0,1,1
1672,4,7,H,9138,1.0,312702.405444,2398825.006885,312713.845348,2398842.743557,1.0,312708.125396,2398833.875221,21.105946,0.572842,HO,0,1,0,0,0,1
1673,4,7,H,9139,1.0,312713.845348,2398842.743557,312748.123428,2398860.494565,1.0,312730.984388,2398851.619061,38.60162,1.092969,HO,0,1,0,0,0,1
1687,4,7,H,9415,1.0,312117.787972,2399221.375269,312071.935236,2399164.518469,1.0,312094.861604,2399192.946869,73.042242,0.678668,HO,0,1,0,0,0,1
1689,4,7,H,9442,1.0,312857.083268,2399228.682149,312876.542468,2399233.946277,1.0,312866.812868,2399231.314213,20.158658,1.306599,HV,0,1,0,0,0,1
1690,4,7,H,9450,1.0,312591.154948,2399243.799077,312616.47434,2399219.739941,1.0,312603.814644,2399231.769509,34.927262,2.330678,HO,1,1,1,0,0,1
1691,4,7,H,9451,1.0,312616.47434,2399219.739941,312628.38938,2399218.479717,1.0,312622.43186,2399219.109829,11.9815,1.676172,HV,1,1,0,0,1,1
1692,4,7,H,9467,1.0,312659.05482,2399242.443749,312684.412836,2399244.028229,1.0,312671.733828,2399243.235989,25.40747,1.508393,HV,0,1,0,0,0,1
1693,4,7,H,9468,1.0,312684.412836,2399244.028229,312705.607812,2399252.620805,1.0,312695.010324,2399248.324517,22.870491,1.185638,HO,1,1,0,0,1,1
1694,4,7,H,9469,1.0,312705.607812,2399252.620805,312720.157892,2399268.087397,1.0,312712.882852,2399260.354101,21.234884,0.754874,HO,1,1,0,0,1,1
1695,4,7,H,9478,1.0,312084.435684,2399248.746949,312096.686756,2399269.756997,1.0,312090.56122,2399259.251973,24.320997,0.527904,HO,1,1,0,0,1,1
1696,4,7,H,9479,1.0,312096.686756,2399269.756997,312097.814372,2399288.002789,1.0,312097.250564,2399278.879893,18.280603,0.061723,HP,1,1,0,0,1,1
1703,4,7,H,9504,1.0,312476.936708,2399282.255461,312462.843204,2399289.996229,1.0,312469.889956,2399286.125845,16.079376,2.073059,HO,1,1,0,0,1,1
1705,4,7,H,9512,1.0,312450.248388,2399288.002789,312466.506436,2399276.566661,1.0,312458.377412,2399282.284725,19.877353,2.183809,HO,1,1,0,0,1,1
1706,4,7,H,9513,1.0,312250.333604,2399346.371877,312231.871396,2399328.120773,1.0,312241.1025,2399337.246325,25.960661,0.791148,HO,0,1,0,0,0,1
1707,4,7,H,9514,1.0,312231.871396,2399328.120773,312217.321316,2399324.454629,1.0,312224.596356,2399326.287701,15.004847,1.323967,HV,0,1,0,0,0,1
1710,4,7,H,9523,1.0,312181.124132,2399328.495557,312175.033124,2399316.244453,1.0,312178.078628,2399322.370005,13.681737,0.461389,HO,0,1,0,0,0,1
1729,4,7,H,13221,1.0,312795.490724,2399242.670085,312827.315364,2399221.735301,1.0,312811.403044,2399232.202693,38.092951,2.152647,HO,0,1,0,0,0,1
1735,4,8,H,9004,1.0,313682.327077,2398589.655045,313714.642917,2398634.220165,1.0,313698.484997,2398611.937605,55.048737,0.627398,HO,1,1,1,0,0,1
1750,4,8,H,9291,1.0,313595.466789,2399094.502213,313612.062885,2399107.000709,1.0,313603.764837,2399100.751461,20.776015,0.925315,HO,1,1,0,0,1,1
1752,4,8,H,9323,1.0,312968.540132,2399149.280933,312973.00106,2399136.246117,1.0,312970.770596,2399142.763525,13.777021,2.811855,HP,1,1,0,0,1,1
1753,4,8,H,9326,1.0,313827.108645,2399156.155013,313752.420677,2399099.649733,1.0,313789.764661,2399127.902373,93.65436,0.923116,HO,0,1,0,0,0,1
1754,4,8,H,9330,1.0,313558.218853,2399109.067781,313569.560997,2399088.789349,1.0,313563.889925,2399098.928565,23.234867,2.631622,HO,1,1,1,0,0,1
1755,4,8,H,9331,1.0,313569.560997,2399088.789349,313570.706277,2399088.447333,1.0,313570.133637,2399088.618341,1.195258,1.860997,HV,1,1,0,0,1,1
1756,4,8,H,9333,1.0,312980.111428,2399164.862117,312981.486244,2399163.487333,1.0,312980.798836,2399164.174725,1.944261,2.356183,HO,1,1,0,0,1,1
1757,4,8,H,9336,1.0,312970.831492,2399148.478981,312974.612228,2399137.480517,1.0,312972.72186,2399142.979749,11.630141,2.810495,HP,1,1,0,0,1,1
1760,4,8,H,9363,1.0,313737.873189,2399138.748869,313795.718469,2399177.247589,1.0,313766.795829,2399157.998229,69.485451,0.98357,HO,1,1,0,0,1,1
1762,4,8,H,9366,1.0,313398.556453,2399179.292101,313438.266693,2399174.142117,1.0,313418.411573,2399176.717109,40.042796,1.699766,HV,0,1,0,0,0,1
1766,4,8,H,9381,1.0,313015.971076,2399171.621605,313033.843589,2399185.484293,1.0,313024.907332,2399178.552949,22.618595,0.911085,HO,0,1,0,0,0,1
1768,4,8,H,9397,1.0,313439.310693,2399206.246373,313498.015813,2399162.639109,1.0,313468.663253,2399184.442741,73.129232,2.209686,HO,0,1,0,0,0,1
1786,4,8,H,13271,1.0,313803.844517,2399186.997381,313830.092965,2399185.498021,1.0,313816.968741,2399186.247701,26.291236,1.627856,HV,1,1,0,0,1,1
1796,4,9,H,9262,1.0,313892.297509,2399036.661157,313885.538053,2399016.497285,1.0,313888.917781,2399026.579221,21.266687,0.323453,HP,0,1,0,0,0,1
1798,4,9,H,9264,1.0,313882.788421,2398995.531461,313899.286149,2398965.285637,1.0,313891.037285,2398980.408549,34.452647,2.642246,HO,0,1,0,0,0,1
1799,4,9,H,9265,1.0,313899.286149,2398965.285637,313893.786917,2398927.249253,1.0,313896.536533,2398946.267445,38.431863,0.143583,HP,0,1,0,0,0,1
1801,4,9,H,9356,1.0,313930.906757,2399153.176261,313916.471269,2399146.760485,1.0,313923.689013,2399149.968373,15.797009,1.152572,HO,0,1,0,0,0,1
1802,4,9,H,9357,1.0,313916.471269,2399146.760485,313896.192837,2399142.521445,1.0,313906.332053,2399144.640965,20.716763,1.364722,HV,0,1,0,0,0,1
1803,4,9,H,9417,1.0,313944.610469,2399222.727525,313943.509189,2399221.802149,1.0,313944.059829,2399222.264837,1.43845,0.871976,HO,0,1,0,0,0,1
1804,4,9,H,9418,1.0,313943.509189,2399221.802149,313936.635109,2399205.075301,1.0,313940.072149,2399213.438725,18.084259,0.38992,HO,0,1,0,0,0,1
1805,4,9,H,9419,1.0,313936.635109,2399205.075301,313930.906501,2399176.079557,1.0,313933.770805,2399190.577429,29.55622,0.195055,HP,0,1,0,0,0,1
1806,4,9,H,9449,1.0,313944.610469,2399222.727525,313948.437285,2399241.995749,1.0,313946.523877,2399232.361637,19.644566,0.196056,HP,0,1,0,0,0,1
1807,4,9,H,9470,1.0,313948.437285,2399241.995749,313966.435653,2399268.505733,1.0,313957.436469,2399255.250741,32.04248,0.596443,HO,1,1,0,0,1,1
1809,4,9,H,9563,1.0,314299.355686,2399406.484901,314313.218374,2399421.607813,1.0,314306.28703,2399414.046357,20.515277,0.741948,HO,1,1,1,0,0,1
1810,4,9,H,9564,1.0,314313.218374,2399421.607813,314318.041766,2399420.604613,1.0,314315.63007,2399421.106213,4.926614,1.775859,HV,1,1,0,0,1,1
1811,4,9,H,9568,1.0,314298.210022,2399408.088837,314311.928038,2399423.170245,1.0,314305.06903,2399415.629541,20.387075,0.738093,HO,1,1,1,0,0,1
1812,4,9,H,9584,1.0,314176.546182,2399366.153285,314205.406758,2399417.003173,1.0,314190.97647,2399391.578229,58.469171,0.516228,HO,0,1,0,0,0,1
1813,4,9,H,9585,1.0,314205.406758,2399417.003173,314240.68887,2399452.242405,1.0,314223.047814,2399434.622789,49.86613,0.786006,HO,1,1,1,0,0,1
1820,4,9,H,13311,1.0,314175.094438,2399365.522309,314176.546182,2399366.153285,1.0,314175.82031,2399365.837797,1.582938,1.160795,HO,0,1,0,0,0,1
1840,5,2,H,13001,1.0,307532.435615,2398154.743524,307557.749791,2398230.493764,1.0,307545.092703,2398192.618644,79.868056,0.322512,HP,0,1,0,0,0,1
1841,5,2,H,13002,1.0,307557.749791,2398230.493764,307602.780255,2398289.246628,1.0,307580.265023,2398259.870196,74.024602,0.653939,HO,0,1,0,0,0,1
1843,5,2,H,13004,1.0,307602.780255,2398317.50266,307597.156543,2398350.997956,1.0,307599.968399,2398334.250308,33.964113,2.975249,HP,0,1,0,0,0,1
1844,5,2,H,13005,1.0,307597.156543,2398350.997956,307616.750047,2398370.753764,1.0,307606.953295,2398360.87586,27.824402,0.781273,HO,0,1,0,0,0,1
1848,5,2,H,13326,1.0,307504.249439,2397638.250116,307515.469279,2397683.005828,1.0,307509.859359,2397660.627972,46.140639,0.245629,HP,0,1,0,0,0,1
1849,5,2,H,13327,1.0,307515.469279,2397683.005828,307515.593247,2397705.500164,1.0,307515.531263,2397694.252996,22.494678,0.005511,HP,0,1,0,0,0,1
1850,5,2,H,13328,1.0,307515.593247,2397705.500164,307514.804735,2397706.478468,1.0,307515.198991,2397705.989316,1.256515,2.463205,HO,0,1,0,0,0,1
1908,5,5,H,8444,1.0,310087.283202,2397794.749924,310083.960738,2397788.5633,1.0,310085.62197,2397791.656612,7.022328,0.492839,HO,0,1,0,0,0,1
1909,5,5,H,8445,1.0,310083.960738,2397788.5633,310090.376514,2397772.867556,1.0,310087.168626,2397780.715428,16.956372,2.753558,HO,0,1,0,0,0,1
1910,5,5,H,8446,1.0,310090.376514,2397772.867556,310085.335586,2397751.55802,1.0,310087.85605,2397762.212788,21.897655,0.232287,HP,0,1,0,0,0,1
1912,5,5,H,8448,1.0,310075.024482,2397742.507172,310067.119298,2397713.979876,1.0,310071.07189,2397728.243524,29.60234,0.270326,HP,0,1,0,0,0,1
1958,5,5,H,13115,1.0,310289.598114,2398261.228836,310299.56365,2398264.746308,1.0,310294.580882,2398262.987572,10.56809,1.231484,HV,1,1,1,0,0,1
1975,5,6,H,8406,1.0,311275.437603,2397743.301732,311256.100387,2397671.933636,1.0,311265.768995,2397707.617684,73.941416,0.264597,HP,0,1,0,0,0,1
1979,5,6,H,8410,1.0,311207.180067,2397669.642276,311196.410723,2397659.102084,1.0,311201.795395,2397664.37218,15.068989,0.796151,HO,0,1,0,0,0,1
1980,5,6,H,8411,1.0,311196.410723,2397659.102084,311185.870531,2397642.146084,1.0,311191.140627,2397650.624084,19.965009,0.556165,HO,0,1,0,0,0,1
1981,5,6,H,8412,1.0,311185.870531,2397642.146084,311167.883427,2397622.784164,1.0,311176.876979,2397632.465124,26.427634,0.748605,HO,0,1,0,0,0,1
1982,5,6,H,8413,1.0,311167.883427,2397622.784164,311166.388451,2397621.67706,1.0,311167.135939,2397622.230612,1.860278,0.933371,HO,0,1,0,0,0,1
2009,5,6,H,8599,1.0,311611.718627,2397985.747972,311629.593347,2397984.7441,1.0,311620.655987,2397985.246036,17.902887,1.626899,HV,0,1,0,0,0,1
2015,5,6,H,8725,1.0,311820.688803,2398134.78618,311819.860899,2398133.942628,1.0,311820.274851,2398134.364404,1.18195,0.776037,HO,0,1,0,0,0,1
2019,5,6,H,8754,1.0,311892.751715,2398190.809604,311868.308579,2398168.889412,1.0,311880.530147,2398179.849508,32.832327,0.839761,HO,0,1,0,0,0,1
2029,5,6,H,8798,0.0,311904.666755,2398223.232228,311892.751715,2398190.809604,0.0,311898.709235,2398207.020916,34.542651,0.352172,HO,1,1,1,0,0,1
2033,5,6,H,8868,1.0,311877.056003,2398339.976484,311893.095427,2398364.493892,1.0,311885.075715,2398352.235188,29.297891,0.579326,HO,1,1,1,0,0,1
2034,5,6,H,8869,0.0,311893.095427,2398364.493892,311907.530947,2398370.680548,0.0,311900.313187,2398367.58722,15.70538,1.165904,HO,1,1,1,0,0,1
2039,5,6,H,13173,1.0,311536.415555,2397981.462724,311577.576675,2397988.483492,1.0,311556.996115,2397984.973108,41.755586,1.401854,HV,0,1,0,0,0,1
2040,5,6,H,13174,1.0,311651.154755,2398035.944164,311613.717571,2398010.2857,1.0,311632.436163,2398023.114932,45.386116,0.969954,HO,0,1,0,0,0,1
2041,5,6,H,13175,1.0,311706.234723,2398058.025764,311677.021219,2398053.672388,1.0,311691.627971,2398055.849076,29.536091,1.422866,HV,0,1,0,0,0,1
2042,5,6,H,13176,1.0,311677.021219,2398053.672388,311663.781123,2398044.597956,1.0,311670.401171,2398049.135172,16.051338,0.969953,HO,0,1,0,0,0,1
2055,5,7,H,8374,1.0,312439.696772,2397690.0353,312452.757444,2397666.663524,1.0,312446.227108,2397678.349412,26.773514,2.632001,HO,0,1,0,0,0,1
2056,5,7,H,8375,1.0,312452.757444,2397666.663524,312460.089764,2397639.281892,1.0,312456.423604,2397652.972708,28.34637,2.879949,HP,0,1,0,0,0,1
2057,5,7,H,8376,1.0,312460.089764,2397639.281892,312470.171716,2397627.596036,1.0,312465.13074,2397633.438964,15.433891,2.429744,HO,0,1,0,0,0,1
2062,5,7,H,8394,1.0,312439.344932,2397724.749892,312440.62122,2397692.67066,1.0,312439.983076,2397708.710276,32.104611,3.101828,HP,1,1,1,0,0,1
2064,5,7,H,8434,1.0,312442.49146,2397776.726884,312418.158084,2397729.217348,1.0,312430.324772,2397752.972116,53.378546,0.473343,HO,1,1,0,0,1,1
2068,5,7,H,8455,1.0,312442.675076,2397801.733412,312442.49146,2397776.726884,1.0,312442.583268,2397789.230148,25.007202,0.007343,HP,0,1,0,0,0,1
2075,5,7,H,8513,1.0,312451.38266,2397869.218788,312458.485828,2397844.701348,1.0,312454.934244,2397856.960068,25.525671,2.859594,HP,0,1,0,0,0,1
2076,5,7,H,8514,1.0,312458.485828,2397844.701348,312455.621636,2397823.39178,1.0,312457.053732,2397834.046564,21.501193,0.133608,HP,0,1,0,0,0,1
2110,5,8,H,8469,1.0,313538.653061,2397802.544708,313548.261925,2397835.009604,1.0,313543.457493,2397818.777156,33.857049,0.287762,HP,0,1,0,0,0,1
2128,5,8,H,8556,1.0,313573.340933,2397963.269092,313565.213829,2397895.387172,1.0,313569.277381,2397929.328132,68.366694,0.119157,HP,0,1,0,0,0,1
2169,5,8,H,8930,1.0,313651.470213,2398366.510468,313641.281093,2398400.743396,1.0,313646.375653,2398383.626932,35.717104,2.852302,HP,1,1,1,0,0,1
2213,6,2,H,7481,1.0,307120.700127,2396760.478339,307123.881407,2396767.194435,1.0,307122.290767,2396763.836387,7.431453,0.442371,HO,0,1,0,0,0,1
2214,6,2,H,7484,1.0,307148.169695,2396798.471331,307168.562719,2396845.214883,1.0,307158.366207,2396821.843107,50.998383,0.411381,HO,0,1,0,0,0,1
2230,6,2,H,8077,1.0,307197.904479,2397119.003907,307228.814079,2397138.748355,1.0,307213.359279,2397128.876131,36.677604,1.002349,HO,0,1,0,0,0,1
2231,6,2,H,8081,1.0,307265.374623,2397222.745571,307290.565311,2397253.753379,1.0,307277.969967,2397238.249475,39.950656,0.682255,HO,0,1,0,0,0,1
2232,6,2,H,8082,1.0,307290.565311,2397253.753379,307301.811519,2397307.251939,1.0,307296.188415,2397280.502659,54.667844,0.207198,HP,1,1,1,0,0,1
2272,6,3,H,7375,1.0,308048.579104,2396745.092035,307976.96976,2396710.742435,1.0,308012.774432,2396727.917235,79.421617,1.123536,HO,0,1,0,0,0,1
2286,6,3,H,7742,1.0,308244.124608,2396965.748739,308233.936,2396943.749123,1.0,308239.030304,2396954.748931,24.244398,0.433716,HO,1,1,0,0,1,1
2288,6,3,H,7761,1.0,308251.206368,2396946.039363,308259.373088,2396975.744643,1.0,308255.289728,2396960.892003,30.80745,0.268296,HP,1,1,0,0,1,1
2293,6,3,H,7882,1.0,308755.920609,2397187.433411,308713.046592,2397173.794307,1.0,308734.483601,2397180.613859,44.991182,1.262799,HV,0,1,0,0,0,1
2294,6,3,H,7883,1.0,308713.046592,2397173.794307,308656.44672,2397176.543939,1.0,308684.746656,2397175.169123,56.666621,1.619338,HV,0,1,0,0,0,1
2295,6,3,H,7946,1.0,308880.312833,2397207.002371,308897.279969,2397215.004835,1.0,308888.796401,2397211.003603,18.759614,1.130089,HO,0,1,0,0,0,1
2296,6,3,H,7947,0.0,308897.279969,2397215.004835,308940.468065,2397222.250787,1.0,308918.874017,2397218.627811,43.791728,1.404568,HV,0,1,0,0,0,1
2310,6,3,H,13348,1.0,308343.79568,2397007.786083,308327.183392,2397002.172259,1.0,308335.489536,2397004.979171,17.535197,1.244913,HV,0,1,0,0,0,1
2314,6,3,H,13358,0.0,307940.625952,2396579.504131,307940.669536,2396625.479075,0.0,307940.647744,2396602.491603,45.974965,0.000948,HP,0,1,0,0,0,1
2323,6,4,H,7236,1.0,309214.305569,2396640.005283,309249.782977,2396625.496835,1.0,309232.044273,2396632.751059,38.329382,1.958993,HO,1,1,0,0,1,1
2324,6,4,H,7253,1.0,309794.767009,2396665.246467,309828.47533,2396643.347011,1.0,309811.621169,2396654.296739,40.197476,2.146943,HO,1,1,1,0,0,1
2326,6,4,H,7260,1.0,309830.091906,2396644.499107,309797.767073,2396665.795907,1.0,309813.92949,2396655.147507,38.709799,2.153359,HO,1,1,1,0,0,1
2332,6,4,H,7341,1.0,309349.927041,2396708.650467,309342.609409,2396696.949059,1.0,309346.268225,2396702.799763,13.801112,0.558861,HO,0,1,0,0,0,1
2334,6,4,H,7427,1.0,309249.222273,2396787.931139,309251.628193,2396760.778627,1.0,309250.425233,2396774.354883,27.258895,3.053216,HP,0,1,0,0,0,1
2340,6,4,H,7515,1.0,309141.751297,2396863.242179,309170.743553,2396871.107107,1.0,309156.247425,2396867.174643,30.040107,1.305895,HV,1,1,1,0,0,1
2341,6,4,H,7516,1.0,309170.743553,2396871.107107,309212.216961,2396849.682979,1.0,309191.480257,2396860.395043,46.680155,2.047616,HO,0,1,0,0,0,1
2342,6,4,H,7517,1.0,309212.216961,2396849.682979,309240.400577,2396821.499427,1.0,309226.308769,2396835.591203,39.857607,2.356193,HO,0,1,0,0,0,1
2343,6,4,H,7518,1.0,309240.400577,2396821.499427,309248.784545,2396793.144931,1.0,309244.592561,2396807.322179,29.568029,2.8541,HP,0,1,0,0,0,1
2346,6,4,H,7543,1.0,309457.404385,2396893.246083,309470.786881,2396878.525987,1.0,309464.095633,2396885.886035,19.89403,2.403756,HO,0,1,0,0,0,1
2360,6,4,H,7631,1.0,309470.567457,2396967.210851,309473.430753,2396913.267907,1.0,309471.999105,2396940.239379,54.018883,3.088562,HP,0,1,0,0,0,1
2365,6,4,H,7642,1.0,309202.363297,2396969.944035,309261.126529,2396968.498691,1.0,309231.744913,2396969.221363,58.781004,1.595387,HV,0,1,0,0,0,1
2366,6,4,H,7643,1.0,309199.233313,2396970.580131,309183.689697,2396934.921187,1.0,309191.461505,2396952.750659,38.899412,0.411064,HO,0,1,0,0,0,1
2368,6,4,H,7666,1.0,309222.352033,2396980.997859,309199.233313,2396970.580131,1.0,309210.792673,2396975.788995,25.357529,1.147428,HO,0,1,0,0,0,1
2370,6,4,H,7717,1.0,309255.752609,2397024.169219,309222.352033,2396980.997859,1.0,309239.052321,2397002.583539,54.583558,0.658481,HO,0,1,0,0,0,1
2375,6,4,H,7795,1.0,309331.710817,2397080.421859,309305.016609,2397077.672227,1.0,309318.363713,2397079.047043,26.835447,1.468154,HV,0,1,0,0,0,1
2376,6,4,H,7796,1.0,309305.016609,2397077.672227,309246.243521,2397051.321699,1.0,309275.630065,2397064.496963,64.40983,1.149321,HO,0,1,0,0,0,1
2380,6,4,H,7852,1.0,309385.328417,2397155.921827,309408.241889,2397165.430915,1.0,309396.785153,2397160.676371,24.808264,1.177426,HO,0,1,0,0,0,1
2381,6,4,H,7853,1.0,309408.241889,2397165.430915,309415.917921,2397164.056067,1.0,309412.079905,2397164.743491,7.798184,1.748026,HV,0,1,0,0,0,1
2383,6,4,H,7855,1.0,309433.790433,2397147.672931,309450.631841,2397143.319395,1.0,309442.211137,2397145.496163,17.395008,1.823761,HV,0,1,0,0,0,1
2389,6,4,H,7916,1.0,309505.051393,2397190.406627,309526.360737,2397196.964419,1.0,309515.706065,2397193.685523,22.295578,1.272251,HV,0,1,0,0,0,1
2395,6,4,H,7943,1.0,308980.676129,2397217.329955,309013.098753,2397209.310243,1.0,308996.887441,2397213.320099,33.399735,1.813279,HV,0,1,0,0,0,1
2396,6,4,H,7945,1.0,309396.212321,2397209.768515,309427.374945,2397220.240867,1.0,309411.793633,2397215.004691,32.875208,1.246598,HV,0,1,0,0,0,1
2397,6,4,H,7948,1.0,308940.468065,2397222.250787,308976.376417,2397219.022819,1.0,308958.422241,2397220.636803,36.053149,1.66045,HV,0,1,0,0,0,1
2398,6,4,H,7952,1.0,309331.252577,2397218.361059,309340.876225,2397210.226755,1.0,309336.064401,2397214.293907,12.600853,2.272521,HO,0,1,0,0,0,1
2399,6,4,H,7953,1.0,309340.876225,2397210.226755,309368.257857,2397205.987779,1.0,309354.567041,2397208.107267,27.707809,1.724388,HV,0,1,0,0,0,1
2400,6,4,H,7954,1.0,309368.257857,2397205.987779,309396.212321,2397209.768515,1.0,309382.235089,2397207.878147,28.208971,1.436366,HV,0,1,0,0,0,1
2402,6,4,H,7962,1.0,309105.561505,2397199.756387,309069.688481,2397188.756611,1.0,309087.624993,2397194.256499,37.521579,1.273267,HV,0,1,0,0,0,1
2405,6,4,H,8024,1.0,309600.938337,2397244.745315,309592.592641,2397226.747747,1.0,309596.765489,2397235.746531,19.838425,0.434198,HO,1,1,0,0,1,1
2417,6,4,H,8130,1.0,309717.687649,2397320.245219,309781.032865,2397369.249539,1.0,309749.360257,2397344.747379,80.0877,0.912357,HO,1,1,0,0,1,1
2418,6,4,H,8131,1.0,309781.032865,2397369.249539,309802.921985,2397379.083523,1.0,309791.977425,2397374.166531,23.996683,1.148555,HO,1,1,1,0,0,1
2419,6,4,H,8139,1.0,309788.251521,2397381.995427,309795.127425,2397398.491619,1.0,309791.689473,2397390.243523,17.871833,0.39492,HO,1,1,1,0,0,1
2481,6,5,H,8132,1.0,310861.71229,2397383.630563,310842.168162,2397362.830627,1.0,310851.940226,2397373.230595,28.541378,0.754281,HO,0,1,0,0,0,1
2482,6,5,H,8133,1.0,310842.168162,2397362.830627,310841.714338,2397361.787587,1.0,310841.94125,2397362.309107,1.137492,0.410392,HO,0,1,0,0,0,1
2485,6,5,H,8259,1.0,310861.71229,2397383.630563,310891.388899,2397412.391459,1.0,310876.550595,2397398.011011,41.326629,0.801067,HO,0,1,0,0,0,1
2555,6,6,H,7828,1.0,311182.089795,2397117.656259,311172.122403,2397111.698787,1.0,311177.106099,2397114.677523,11.612079,1.032073,HO,0,1,0,0,0,1
2556,6,6,H,7831,1.0,311133.054947,2397099.669187,311113.463907,2397088.097859,1.0,311123.259427,2397093.883523,22.75312,1.037285,HO,0,1,0,0,0,1
2557,6,6,H,7834,1.0,311074.396387,2397044.791363,311052.170307,2397001.828547,1.0,311063.283347,2397023.309955,48.371502,0.477418,HO,0,1,0,0,0,1
2558,6,6,H,7835,1.0,311052.170307,2397001.828547,311043.119459,2396970.207939,1.0,311047.644883,2396986.018243,32.890435,0.278779,HP,1,1,1,0,0,1
2559,6,6,H,7923,1.0,311272.941795,2397173.450659,311292.532835,2397204.040131,1.0,311282.737315,2397188.745395,36.325262,0.569633,HO,0,1,0,0,0,1
2587,6,6,H,8156,1.0,311133.742339,2397393.763843,311133.971459,2397409.345027,1.0,311133.856899,2397401.554435,15.582869,0.014704,HP,1,1,1,0,0,1
2588,6,6,H,8157,1.0,311133.971459,2397409.345027,311142.842595,2397421.348067,1.0,311138.407027,2397415.346547,14.925482,0.636472,HO,1,1,1,0,0,1
2599,6,6,H,13432,1.0,311019.747683,2397000.682915,311010.811459,2396981.091875,1.0,311015.279571,2396990.887395,21.532881,0.427947,HO,1,1,0,0,1,1
2602,6,6,H,13435,1.0,311112.891043,2397233.713091,311089.863011,2397191.323139,1.0,311101.377027,2397212.518115,48.241044,0.49764,HO,0,1,0,0,0,1
2603,6,6,H,13436,1.0,311089.863011,2397191.323139,311085.853155,2397167.836803,1.0,311087.858083,2397179.579971,23.826181,0.169101,HP,0,1,0,0,0,1
2604,6,6,H,13437,1.0,311085.853155,2397167.836803,311075.656675,2397144.808739,1.0,311080.754915,2397156.322771,25.184518,0.416838,HO,0,1,0,0,0,1
2605,6,6,H,13440,1.0,311040.599011,2397109.751139,311040.481283,2397109.341731,1.0,311040.540147,2397109.546435,0.425999,0.280002,HP,0,1,0,0,0,1
2621,6,6,H,14631,1.0,310942.070979,2397474.648452,310984.708899,2397512.25882,1.0,310963.389939,2397493.453636,56.85536,0.847966,HO,1,1,1,0,0,1
2650,6,7,H,7703,1.0,312546.249092,2396970.755011,312560.562852,2397016.993955,1.0,312553.405972,2396993.874483,48.403757,0.300205,HP,0,1,0,0,0,1
2679,6,7,H,8177,1.0,312542.120068,2397360.653827,312537.881188,2397342.092611,1.0,312540.000628,2397351.373219,19.039087,0.224523,HP,1,1,1,0,0,1
2702,6,7,H,13516,1.0,312483.221988,2396957.621475,312474.395044,2396923.300963,1.0,312478.808516,2396940.461219,35.437445,0.251736,HP,1,1,1,0,0,1
2715,6,8,H,7310,1.0,313686.063973,2396698.755075,313704.970117,2396670.005155,1.0,313695.517045,2396684.380115,34.409304,2.559888,HO,1,1,0,0,1,1
2716,6,8,H,7313,0.0,313716.217317,2396627.242851,313716.216869,2396589.500067,1.0,313716.217093,2396608.371459,37.742784,1.2e-05,HP,1,1,0,0,0,1
2718,6,8,H,7331,1.0,313812.905765,2396709.494083,313839.030309,2396711.996643,1.0,313825.968037,2396710.745363,26.244135,1.475294,HV,0,1,0,0,0,1
2719,6,8,H,7332,0.0,313839.030309,2396711.996643,313894.029381,2396706.744099,1.0,313866.529845,2396709.370371,55.249318,1.66601,HV,0,1,0,0,0,1
2759,6,8,H,7798,1.0,313554.343749,2397105.538563,313562.233989,2397071.132003,1.0,313558.288869,2397088.335283,35.299678,2.916167,HP,0,1,0,0,0,1
2765,6,8,H,7822,1.0,313581.132325,2397044.333091,313564.061765,2397071.829315,1.0,313572.597045,2397058.081203,32.364276,2.585996,HO,0,1,0,0,0,1
2766,6,8,H,7823,1.0,313564.061765,2397071.829315,313556.385765,2397105.855843,1.0,313560.223765,2397088.842579,34.881594,2.919718,HP,0,1,0,0,0,1
2767,6,8,H,7824,1.0,313556.385765,2397105.855843,313556.381605,2397123.530467,1.0,313556.383685,2397114.693155,17.674624,3.141357,HP,0,1,0,0,0,1
2770,6,8,H,7938,1.0,313553.521573,2397168.753347,313540.575429,2397180.553795,1.0,313547.048501,2397174.653571,17.517226,2.30993,HO,0,1,0,0,0,1
2783,6,8,H,8158,1.0,313534.967589,2397366.499491,313532.217893,2397422.502531,1.0,313533.592741,2397394.501011,56.070503,3.092533,HP,1,1,1,0,0,1
2792,6,8,H,8242,1.0,313498.987461,2397489.427684,313503.226469,2397432.143939,1.0,313501.106965,2397460.785812,57.440375,3.067727,HP,1,1,1,0,0,1
2793,6,8,H,8243,1.0,313503.226469,2397432.143939,313510.100517,2397407.626531,1.0,313506.663493,2397419.885235,25.462832,2.868237,HP,0,1,0,0,0,1
2795,6,8,H,8252,1.0,313522.690021,2397499.994788,313525.439365,2397451.005923,1.0,313524.064693,2397475.500355,49.065953,3.08553,HP,1,1,1,0,0,1
2796,6,8,H,8253,1.0,313525.439365,2397451.005923,313532.217893,2397422.502531,1.0,313528.828629,2397436.754227,29.298324,2.908115,HP,0,1,0,0,0,1
2800,6,8,H,8287,1.0,313496.466981,2397542.47242,313552.595589,2397564.24842,1.0,313524.531285,2397553.36042,60.204774,1.200707,HO,0,1,0,0,0,1
2819,6,9,H,7267,1.0,314062.532933,2396655.746275,314102.998374,2396669.001283,1.0,314082.765653,2396662.373779,42.581066,1.254247,HV,0,1,0,0,0,1
2820,6,9,H,7307,1.0,314102.998374,2396669.001283,314143.533094,2396693.750979,1.0,314123.265734,2396681.376131,47.493273,1.022634,HO,1,1,1,0,0,1
2832,7,1,H,7006,1.0,306836.543967,2396441.741507,306836.067839,2396439.500579,1.0,306836.305903,2396440.621043,2.290951,0.209356,HP,0,1,0,0,0,1
2833,7,1,H,7010,1.0,306799.540927,2396408.598307,306788.313311,2396386.257635,1.0,306793.927119,2396397.427971,25.0033,0.465697,HO,0,1,0,0,0,1
2834,7,1,H,7015,1.0,306912.500447,2396389.744451,306906.904287,2396420.996451,1.0,306909.702367,2396405.370451,31.749087,2.964405,HP,0,1,0,0,0,1
2838,7,1,H,14709,1.0,306818.426751,2396327.704354,306849.377791,2396339.170402,1.0,306833.902271,2396333.437378,33.006623,1.216014,HO,0,1,0,0,0,1
2839,7,1,H,14710,1.0,306849.377791,2396339.170402,306860.032575,2396348.679522,1.0,306854.705183,2396343.924962,14.281029,0.842155,HO,0,1,0,0,0,1
2887,7,2,H,6635,1.0,307112.888511,2396101.31693,307113.684927,2396100.297282,1.0,307113.286719,2396100.807106,1.293816,2.478502,HO,0,1,0,0,0,1
2891,7,2,H,6716,1.0,307125.841919,2396116.755618,307157.095295,2396093.99949,1.0,307141.468607,2396105.377554,38.660249,2.200145,HO,0,1,0,0,0,1
3021,7,3,H,7025,1.0,307964.12,2396460.462275,307963.889984,2396363.344162,1.0,307964.004992,2396411.903218,97.118385,0.002368,HP,0,1,0,0,0,1
3023,7,3,H,7100,1.0,307979.12528,2396461.503555,307984.748928,2396522.497315,1.0,307981.937104,2396492.000435,61.252463,0.09194,HP,0,1,0,0,0,1
3056,7,4,H,6275,1.0,309169.030497,2395735.007042,309162.719233,2395777.75373,1.0,309165.874865,2395756.380386,43.210084,2.995008,HP,1,1,1,0,0,1
3120,7,5,H,6218,1.0,310389.036482,2395701.380866,310455.044738,2395673.075234,1.0,310422.04061,2395687.22805,71.821297,1.975898,HO,0,1,0,0,0,1
3121,7,5,H,6219,1.0,310455.044738,2395673.075234,310499.417666,2395666.410786,1.0,310477.231202,2395669.74301,44.87061,1.719874,HV,0,1,0,0,0,1
3129,7,5,H,6433,1.0,310798.969666,2395827.748866,310827.156674,2395774.495938,1.0,310813.06317,2395801.122402,60.252649,2.654777,HO,0,1,0,0,0,1
3162,7,6,H,6336,1.0,311371.125123,2395826.497634,311344.093091,2395799.492898,1.0,311357.609107,2395812.995266,38.20977,0.785903,HO,1,1,0,0,1,1
3169,7,6,H,6371,1.0,311396.782051,2395840.495842,311411.343203,2395845.00509,1.0,311404.062627,2395842.750466,15.243374,1.270486,HV,1,1,0,0,1,1
3287,7,7,H,6323,1.0,312229.121572,2395824.732578,312239.089156,2395777.90445,1.0,312234.105364,2395801.318514,47.8772,2.931868,HP,0,1,0,0,0,1
3344,7,8,H,6203,1.0,313134.767109,2395632.05453,313111.749957,2395675.250242,1.0,313123.258533,2395653.652386,48.945468,2.652006,HO,1,1,0,0,1,1
3345,7,8,H,6204,1.0,312968.652164,2395668.720706,312992.684196,2395676.284578,1.0,312980.66818,2395672.502642,25.19426,1.265871,HV,0,1,0,0,0,1
3346,7,8,H,6205,1.0,312992.684196,2395676.284578,313015.054532,2395677.772482,1.0,313003.869364,2395677.02853,22.419763,1.504382,HV,0,1,0,0,0,1
3347,7,8,H,6206,1.0,313015.054532,2395677.772482,313042.092453,2395673.189826,1.0,313028.573492,2395675.481154,27.423528,1.738691,HV,1,1,0,0,1,1
3378,7,8,H,7162,1.0,313729.153509,2396573.804547,313711.510117,2396534.737059,1.0,313720.331813,2396554.270803,42.866746,0.424195,HO,1,1,0,0,1,1
3381,7,8,H,7165,1.0,313686.992645,2396493.836483,313685.959685,2396492.916611,1.0,313686.476165,2396493.376547,1.383174,0.843243,HO,0,1,0,0,0,1
3382,7,8,H,7190,1.0,313697.311397,2396555.744131,313711.157285,2396577.249155,1.0,313704.234341,2396566.496643,25.576839,0.572036,HO,1,1,0,0,1,1
3383,7,8,H,7191,1.0,313711.157285,2396577.249155,313716.216869,2396589.500067,1.0,313713.687077,2396583.374611,13.254593,0.39166,HO,1,1,0,0,1,1
3472,8,1,H,5310,0.0,306932.019391,2394951.393665,306945.251583,2394975.421409,1.0,306938.635487,2394963.407537,27.430337,0.503384,HO,1,1,0,0,1,1
3504,8,1,H,5761,1.0,306664.070175,2395329.572418,306645.771487,2395283.036257,1.0,306654.920831,2395306.304338,50.004562,0.374643,HO,0,1,0,0,0,1
3513,8,1,H,13702,1.0,306701.356639,2395440.388738,306701.242047,2395454.480514,1.0,306701.299343,2395447.434626,14.092242,3.133461,HP,1,1,1,0,0,1
3515,8,1,H,13704,0.0,306984.219391,2395429.005826,306941.604575,2395444.627746,0.0,306962.911983,2395436.816786,45.38796,1.922168,HO,0,1,0,0,0,1
3516,8,1,H,13705,1.0,306941.604575,2395444.627746,306908.723711,2395444.742274,1.0,306925.164143,2395444.68501,32.881063,1.574279,HV,0,1,0,0,0,1
3541,8,1,H,13785,1.0,306882.570623,2394952.662081,306871.595039,2394993.495137,1.0,306877.082831,2394973.078609,42.282407,2.879007,HP,0,1,0,0,0,1
3542,8,1,H,13788,1.0,306792.353919,2395180.972481,306817.530655,2395104.495841,1.0,306804.942287,2395142.734161,80.51425,2.823559,HP,0,1,0,0,0,1
3543,8,1,H,14627,1.0,306613.938015,2395161.751329,306626.656543,2395172.998529,1.0,306620.297279,2395167.374929,16.978235,0.846714,HO,1,1,1,0,0,1
3636,8,2,H,5715,1.0,307116.325695,2395300.955905,307132.244831,2395296.262849,1.0,307124.285263,2395298.609377,16.596496,1.857481,HV,0,1,0,0,0,1
3647,8,2,H,5941,1.0,306992.689247,2395469.00381,306968.654559,2395485.998306,1.0,306980.671903,2395477.501058,29.436017,2.18626,HO,0,1,0,0,0,1
3694,8,3,H,5084,1.0,308704.549152,2394803.279073,308693.684672,2394793.655457,1.0,308699.116912,2394798.467265,14.513818,0.845889,HO,0,1,0,0,0,1
3695,8,3,H,5085,1.0,308693.684672,2394793.655457,308682.227936,2394775.668353,1.0,308687.956304,2394784.661905,21.32587,0.567141,HO,0,1,0,0,0,1
3696,8,3,H,5086,1.0,308682.227936,2394775.668353,308666.188448,2394765.128129,1.0,308674.208192,2394770.398241,19.192746,0.989417,HO,0,1,0,0,0,1
3697,8,3,H,5087,1.0,308666.188448,2394765.128129,308658.62704,2394748.172161,1.0,308662.407744,2394756.650145,18.565553,0.419476,HO,0,1,0,0,0,1
3698,8,3,H,5090,1.0,308630.328896,2394728.237441,308618.413856,2394715.291297,1.0,308624.371376,2394721.764369,17.594625,0.743947,HO,0,1,0,0,0,1
3699,8,3,H,5091,1.0,308618.413856,2394715.291297,308617.589792,2394713.486849,1.0,308618.001824,2394714.389073,1.983712,0.428399,HO,0,1,0,0,0,1
3704,8,3,H,5213,1.0,308203.78336,2394843.252161,308273.342848,2394886.756065,1.0,308238.563104,2394865.004113,82.043355,1.011895,HO,0,1,0,0,0,1
3711,8,3,H,5343,1.0,308736.303777,2394943.395105,308779.777473,2394931.622209,1.0,308758.040625,2394937.508657,45.039575,1.835258,HV,0,1,0,0,0,1
3737,8,3,H,5649,0.0,308919.726305,2395131.858561,308936.112737,2395082.576545,0.0,308927.919521,2395107.217553,51.934885,2.820589,HP,1,1,0,0,1,1
3797,8,3,H,13851,1.0,308831.157505,2394851.501569,308842.377025,2394865.553345,1.0,308836.767265,2394858.527457,17.98138,0.67379,HO,0,1,0,0,0,1
3862,8,4,H,5970,1.0,309132.821729,2395519.211138,309122.854369,2395491.714946,1.0,309127.838049,2395505.463042,29.247031,0.347767,HP,1,1,1,0,0,1
3888,8,4,H,13875,1.0,309398.961921,2395108.945089,309409.043777,2395005.469697,1.0,309404.002849,2395057.207393,103.965382,3.044467,HP,0,1,0,0,0,1
3889,8,4,H,13878,1.0,309405.148577,2394929.990721,309383.824225,2394870.657473,1.0,309394.486401,2394900.324097,63.048888,0.345024,HP,0,1,0,0,0,1
3894,8,5,H,5008,1.0,309972.030914,2394767.999041,309976.719586,2394738.753441,1.0,309974.37525,2394753.376241,29.619061,2.982625,HP,0,1,0,0,0,1
3896,8,5,H,5079,1.0,310733.685666,2394769.745089,310747.311746,2394801.754977,1.0,310740.498706,2394785.750033,34.789409,0.402449,HO,1,1,0,0,0,1
3907,8,5,H,5159,1.0,309972.030914,2394767.999041,309960.907362,2394795.993345,1.0,309966.469138,2394781.996193,30.123321,2.763372,HO,0,1,0,0,0,1
3912,8,5,H,5229,1.0,310827.473762,2394908.206145,310821.77517,2394883.476353,1.0,310824.624466,2394895.841249,25.377875,0.226481,HP,0,1,0,0,0,1
3913,8,5,H,5230,1.0,310821.77517,2394883.476353,310799.205378,2394856.209281,1.0,310810.490274,2394869.842817,35.396168,0.691423,HO,0,1,0,0,0,1
3918,8,5,H,5285,1.0,310863.019426,2394946.488417,310880.122819,2394956.720161,1.0,310871.571122,2394951.604289,19.930244,1.03168,HO,1,1,1,0,0,1
3943,8,5,H,13890,1.0,310524.732066,2395555.70093,310519.656834,2395549.756322,1.0,310522.19445,2395552.728626,7.816415,0.706669,HO,0,1,0,0,0,1
3944,8,5,H,13891,1.0,310519.656834,2395549.756322,310502.37325,2395517.00429,1.0,310511.015042,2395533.380306,37.03266,0.485569,HO,0,1,0,0,0,1
3945,8,5,H,13892,1.0,310502.37325,2395517.00429,310494.467138,2395471.244674,1.0,310498.420194,2395494.124482,46.437582,0.171086,HP,0,1,0,0,0,1
3947,8,5,H,13894,1.0,310538.43901,2395571.755938,310530.429698,2395562.374594,1.0,310534.434354,2395567.065266,12.335262,0.706666,HO,0,1,0,0,0,1
3952,8,5,H,13925,1.0,310897.720579,2394983.251841,310875.844546,2394975.249409,1.0,310886.782562,2394979.250625,23.29377,1.220108,HO,1,1,0,0,1,1
3957,8,6,H,5323,1.0,310934.624867,2394945.756385,310927.184355,2394940.635105,1.0,310930.904611,2394943.195745,9.032648,0.967968,HO,1,1,1,0,0,1
3993,8,7,H,5019,1.0,312131.15738,2394706.248993,312191.532804,2394771.243777,1.0,312161.345092,2394738.746385,88.71028,0.748569,HO,0,1,0,0,0,1
4005,8,7,H,5450,0.0,312872.187684,2395043.750785,312901.7497,2395065.750401,0.0,312886.968692,2395054.750593,36.849639,0.931027,HO,0,1,0,0,0,1
4080,8,8,H,5496,1.0,312949.530116,2395116.253409,312975.187172,2395117.504705,1.0,312962.358644,2395116.879057,25.687551,1.522065,HV,1,1,1,0,0,1
4082,8,8,H,5559,1.0,312909.304356,2395123.266593,312910.225316,2395124.182561,1.0,312909.764836,2395123.724577,1.298909,0.788116,HO,0,1,0,0,0,1
4083,8,8,H,5562,1.0,312940.81482,2395140.794849,312971.402724,2395149.960033,1.0,312956.108772,2395145.377441,31.931497,1.279675,HV,1,1,1,0,0,1
4085,8,8,H,5578,1.0,312983.332996,2395152.711393,313034.465093,2395157.518625,1.0,313008.899044,2395155.115009,51.357578,1.477056,HV,1,1,1,0,0,1
4090,8,8,H,5734,1.0,313552.384357,2395310.091489,313559.249957,2395254.445761,1.0,313555.817157,2395282.268625,56.067669,3.018833,HP,0,1,0,0,0,1
4092,8,8,H,5736,1.0,313558.104261,2395217.096769,313564.838053,2395193.763649,1.0,313561.471157,2395205.430209,24.285355,2.860633,HP,0,1,0,0,0,1
4100,8,8,H,5849,1.0,313216.349541,2395356.754498,313229.983077,2395390.666434,1.0,313223.166309,2395373.710466,36.549866,0.382253,HO,0,1,0,0,0,1
4107,8,8,H,5945,1.0,313523.624165,2395490.757474,313541.595365,2395500.24285,1.0,313532.609765,2395495.500162,20.320836,1.085149,HO,0,1,0,0,0,1
4112,8,8,H,5963,1.0,313171.095397,2395509.243778,313188.509637,2395493.777186,1.0,313179.802517,2395501.510482,23.291012,2.29703,HO,1,1,1,0,0,1
4124,8,8,H,6111,1.0,313416.623557,2395538.247394,313502.188453,2395568.002114,1.0,313459.406005,2395553.124754,90.59081,1.236132,HV,0,1,0,0,0,1
4131,8,8,H,13991,1.0,313531.639173,2395554.956194,313522.015493,2395547.623874,1.0,313526.827333,2395551.290034,12.098683,0.91972,HO,0,1,0,0,0,1
4132,8,8,H,13992,1.0,313522.015493,2395547.623874,313497.268965,2395541.66637,1.0,313509.642229,2395544.645122,25.453536,1.334551,HV,0,1,0,0,0,1
4232,9,1,H,3491,1.0,306850.529535,2393711.243808,306868.625023,2393683.746976,1.0,306859.577279,2393697.495392,32.916902,2.559549,HO,0,1,0,0,0,1
4243,9,1,H,3566,1.0,306881.916159,2393744.926944,306881.456671,2393745.592352,1.0,306881.686415,2393745.259648,0.808639,2.537247,HO,0,1,0,0,0,1
4244,9,1,H,3567,1.0,306881.456671,2393745.592352,306866.792031,2393759.111328,1.0,306874.124351,2393752.35184,19.945285,2.315567,HO,0,1,0,0,0,1
4245,9,1,H,3568,1.0,306866.792031,2393759.111328,306853.616767,2393765.0688,1.0,306860.204399,2393762.090064,14.459566,1.995454,HO,0,1,0,0,0,1
4246,9,1,H,3569,1.0,306853.616767,2393765.0688,306842.674399,2393775.19728,1.0,306848.145583,2393770.13304,14.91045,2.317587,HO,0,1,0,0,0,1
4266,9,1,H,3885,1.0,306373.468222,2393989.006016,306412.531358,2394011.9952,1.0,306392.99979,2394000.500608,45.325833,1.038866,HO,0,1,0,0,0,1
4277,9,1,H,4046,1.0,306770.326239,2394126.758272,306779.264319,2394139.475776,1.0,306774.795279,2394133.117024,15.544265,0.612614,HO,1,1,1,0,0,1
4296,9,1,H,4196,1.0,306762.655487,2394243.252929,306776.256511,2394183.692096,1.0,306769.455999,2394213.472513,61.094031,2.917087,HP,1,1,0,0,1,1
4373,9,1,H,14069,1.0,306617.722399,2393875.511872,306638.459071,2393874.251616,1.0,306628.090735,2393874.881744,20.774932,1.631496,HV,0,1,0,0,0,1
4374,9,1,H,14070,1.0,306638.459071,2393874.251616,306669.163167,2393880.552832,1.0,306653.811119,2393877.402224,31.344008,1.368383,HV,0,1,0,0,0,1
4603,9,3,H,3644,1.0,308156.029792,2393847.24544,308187.874304,2393834.252192,1.0,308171.952048,2393840.748816,34.393276,1.958199,HO,0,1,0,0,0,1
4606,9,3,H,3698,1.0,308156.029792,2393847.24544,308174.812032,2393874.497568,1.0,308165.420912,2393860.871504,33.097598,0.603443,HO,0,1,0,0,0,1
4608,9,3,H,3715,1.0,308174.812032,2393874.497568,308196.467904,2393872.998944,1.0,308185.639968,2393873.748256,21.707664,1.639888,HV,0,1,0,0,0,1
4609,9,3,H,3716,1.0,308196.467904,2393872.998944,308256.966848,2393894.751136,1.0,308226.717376,2393883.87504,64.290591,1.225642,HV,0,1,0,0,0,1
4617,9,3,H,3810,1.0,308350.78176,2393975.258144,308368.427648,2393971.51936,1.0,308359.604704,2393973.388752,18.037624,1.779587,HV,0,1,0,0,0,1
4635,9,3,H,3911,1.0,308443.583904,2394034.760608,308428.002752,2394016.315264,1.0,308435.793328,2394025.537936,24.145455,0.701421,HO,0,1,0,0,0,1
4646,9,3,H,3977,1.0,308445.87424,2394035.660128,308495.676544,2394086.775232,1.0,308470.775392,2394061.21768,71.365421,0.77239,HO,0,1,0,0,0,1
4659,9,3,H,4073,1.0,308460.993984,2394162.171328,308478.297856,2394127.674816,1.0,308469.64592,2394144.923072,38.593177,2.676656,HO,0,1,0,0,0,1
4660,9,3,H,4074,1.0,308478.297856,2394127.674816,308480.932928,2394112.208192,1.0,308479.615392,2394119.941504,15.689489,2.972841,HP,0,1,0,0,0,1
4661,9,3,H,4077,1.0,308450.801696,2394062.14224,308443.583904,2394034.760608,1.0,308447.1928,2394048.451424,28.316961,0.257737,HP,0,1,0,0,0,1
4677,9,3,H,4273,1.0,308440.72304,2394289.999873,308440.719712,2394256.104929,1.0,308440.721376,2394273.052401,33.894944,9.8e-05,HP,0,1,0,0,0,1
4739,9,3,H,14142,1.0,308311.753952,2393897.699968,308305.415584,2393888.228864,1.0,308308.584768,2393892.964416,11.396347,0.589777,HO,0,1,0,0,0,1
4741,9,3,H,14144,1.0,308278.377664,2393874.022464,308262.510432,2393875.232992,1.0,308270.444048,2393874.627728,15.913341,1.64694,HV,0,1,0,0,0,1
4743,9,3,H,14146,1.0,308374.270592,2393939.55504,308351.471712,2393916.870688,1.0,308362.871152,2393928.212864,32.161604,0.787916,HO,0,1,0,0,0,1
4751,9,3,H,14172,1.0,308632.963936,2393960.177216,308610.852416,2393953.188576,1.0,308621.908176,2393956.682896,23.189662,1.264668,HV,0,1,0,0,0,1
4910,9,8,H,3761,1.0,313536.680133,2393879.865408,313563.947205,2393855.69168,1.0,313550.313669,2393867.778544,36.439846,2.296133,HO,0,1,0,0,0,1
4925,9,8,H,4249,1.0,313397.373893,2394282.494401,313404.468805,2394282.494401,1.0,313400.921349,2394282.494401,7.094912,1.570796,HV,1,1,1,0,0,1
4986,9,8,H,14818,1.0,313268.352141,2394369.039568,313278.685861,2394381.245313,1.0,313273.519001,2394375.14244,15.992685,0.702533,HO,0,1,0,0,0,1
5005,10,0,H,2712,1.0,305837.752222,2392880.882079,305839.464286,2392880.492031,1.0,305838.608254,2392880.687055,1.755933,1.794796,HV,0,1,0,0,0,1
5078,10,1,H,2625,1.0,306741.458623,2392793.878239,306686.468031,2392711.500831,1.0,306713.963327,2392752.689535,99.045457,0.58861,HO,1,1,0,0,1,1
5079,10,1,H,2626,1.0,306686.468031,2392711.500831,306675.811935,2392703.250943,1.0,306681.139983,2392707.375887,13.476388,0.91199,HO,1,1,1,0,0,1
5095,10,1,H,2747,1.0,306751.779391,2392922.999775,306774.342783,2392949.495391,1.0,306763.061087,2392936.247583,34.801212,0.705416,HO,0,1,0,0,0,1
5101,10,1,H,2773,1.0,306774.342783,2392949.495391,306775.717855,2392973.502591,1.0,306775.030319,2392961.498991,24.046548,0.057215,HP,0,1,0,0,0,1
5111,10,1,H,2811,1.0,306775.717855,2392973.502591,306795.654911,2393031.993983,1.0,306785.686383,2393002.748287,61.795867,0.328504,HP,0,1,0,0,0,1
5112,10,1,H,2815,1.0,306795.654911,2393031.993983,306838.251871,2393041.247711,1.0,306816.953391,2393036.620847,43.590509,1.356881,HV,0,1,0,0,0,1
5120,10,1,H,2873,1.0,306811.563487,2393056.001343,306795.654911,2393031.993983,1.0,306803.609199,2393043.997663,28.799933,0.58522,HO,0,1,0,0,0,1
5123,10,1,H,2902,1.0,306866.342495,2393137.001247,306872.873631,2393146.502399,1.0,306869.608063,2393141.751823,11.529424,0.602223,HO,1,1,1,0,0,1
5199,10,1,H,3319,1.0,306938.405055,2393470.749376,306932.314015,2393432.250048,1.0,306935.359535,2393451.499712,38.978187,0.156911,HP,0,1,0,0,0,1
5214,10,1,H,3456,0.0,306944.345055,2393576.746208,306934.720223,2393603.256192,1.0,306939.532639,2393590.0012,28.203132,2.793327,HP,0,1,0,0,0,1
5215,10,1,H,3457,1.0,306934.720223,2393603.256192,306932.437695,2393634.247808,1.0,306933.578959,2393618.752,31.075556,3.068076,HP,0,1,0,0,0,1
5218,10,1,H,3531,1.0,306938.405055,2393561.00304,306925.095359,2393591.25248,1.0,306931.750207,2393576.12776,33.048096,2.727087,HO,0,1,0,0,0,1
5225,10,1,H,14099,0.0,306940.329279,2393562.190336,306951.228255,2393544.526496,0.0,306945.778767,2393553.358416,20.755696,2.588751,HO,0,1,0,0,0,1
5229,10,1,H,14547,1.0,306741.340671,2392795.942751,306740.819647,2392795.766431,1.0,306741.080159,2392795.854591,0.55005,1.244483,HV,1,1,0,0,1,1
5230,10,1,H,14691,0.0,306596.310719,2392644.992863,306633.998847,2392651.249247,1.0,306615.154783,2392648.121055,38.203892,1.406292,HV,0,1,0,0,0,1
5231,10,1,H,14692,1.0,306633.998847,2392651.249247,306650.594943,2392666.250303,1.0,306642.296895,2392658.749775,22.37101,0.835836,HO,1,1,1,0,0,1
5257,10,2,H,2665,1.0,307408.124767,2392809.247839,307430.811903,2392820.000223,1.0,307419.468335,2392814.624031,25.106173,1.128212,HO,0,1,0,0,0,1
5258,10,2,H,2666,1.0,307430.811903,2392820.000223,307452.123999,2392821.251519,1.0,307441.467951,2392820.625871,21.348798,1.512151,HV,0,1,0,0,0,1
5259,10,2,H,2667,1.0,307452.123999,2392821.251519,307477.313695,2392811.997759,1.0,307464.718847,2392816.624639,26.835664,1.922855,HO,0,1,0,0,0,1
5264,10,2,H,2706,1.0,307452.123999,2392841.243327,307469.311231,2392833.255231,1.0,307460.717615,2392837.249279,18.952853,2.005864,HO,0,1,0,0,0,1
5265,10,2,H,2707,1.0,307469.311231,2392833.255231,307490.719679,2392830.505279,1.0,307480.015455,2392831.880255,21.584343,1.698548,HV,0,1,0,0,0,1
5267,10,2,H,2720,1.0,307132.469407,2392873.500607,307151.959743,2392861.146271,1.0,307142.214575,2392867.323439,23.076023,2.135749,HO,0,1,0,0,0,1
5268,10,2,H,2722,1.0,307028.926751,2392897.214911,307051.589343,2392896.991231,1.0,307040.258047,2392897.103071,22.663696,1.580666,HV,0,1,0,0,0,1
5324,10,2,H,3147,1.0,307002.781535,2393406.001792,307001.073791,2393419.190816,1.0,307001.927663,2393412.596304,13.299126,3.012827,HP,0,1,0,0,0,1
5325,10,2,H,3153,1.0,307315.093823,2393421.744992,307364.813311,2393433.00976,1.0,307339.953567,2393427.377376,50.979628,1.347991,HV,1,1,0,0,1,1
5329,10,2,H,3165,1.0,307323.467679,2393437.749952,307350.375615,2393436.003104,1.0,307336.921647,2393436.876528,26.964579,1.635625,HV,1,1,0,0,1,1
5331,10,2,H,3175,1.0,307135.176095,2393433.045408,307161.230399,2393442.217728,1.0,307148.203247,2393437.631568,27.621698,1.2323,HV,1,1,1,0,0,1
5332,10,2,H,3176,1.0,307161.230399,2393442.217728,307169.727807,2393443.131232,1.0,307165.479103,2393442.67448,8.54637,1.463704,HV,1,1,1,0,0,1
5333,10,2,H,3183,1.0,307101.769887,2393425.032608,307079.121503,2393425.94784,1.0,307090.445695,2393425.490224,22.666869,1.611185,HV,0,1,0,0,0,1
5335,10,2,H,3185,1.0,307134.407775,2393438.245792,307159.625119,2393446.75504,1.0,307147.016447,2393442.500416,26.614315,1.245358,HV,1,1,1,0,0,1
5336,10,2,H,3186,1.0,307159.625119,2393446.75504,307170.501695,2393447.9912,1.0,307165.063407,2393447.37312,10.946598,1.457629,HV,1,1,1,0,0,1
5354,10,2,H,3312,1.0,306967.279551,2393532.252224,306967.155839,2393546.496768,1.0,306967.217695,2393539.374496,14.245081,3.132908,HP,0,1,0,0,0,1
5355,10,2,H,3313,1.0,306967.155839,2393546.496768,306962.467167,2393556.245312,1.0,306964.811503,2393551.37104,10.817475,2.693292,HO,0,1,0,0,0,1
5371,10,2,H,3455,1.0,306962.467167,2393556.245312,306944.345055,2393576.746208,1.0,306953.406111,2393566.49576,27.362341,2.417707,HO,0,1,0,0,0,1
5375,10,2,H,14106,1.0,307204.880607,2392850.362271,307222.180255,2392831.573215,1.0,307213.530431,2392840.967743,25.540291,2.397442,HO,0,1,0,0,0,1
5376,10,2,H,14107,1.0,307222.180255,2392831.573215,307247.270559,2392822.522367,1.0,307234.725407,2392827.047791,26.672855,1.916999,HV,0,1,0,0,0,1
5419,10,3,H,3096,1.0,308099.194112,2393355.719328,308099.194112,2393327.993984,1.0,308099.194112,2393341.856656,27.725344,0.0,HP,0,1,0,0,0,1
5423,10,3,H,3178,1.0,308129.592704,2393444.513472,308103.901376,2393376.711136,1.0,308116.74704,2393410.612304,72.506559,0.362199,HO,0,1,0,0,0,1
5434,10,3,H,3351,1.0,308131.157024,2393444.271072,308150.176672,2393469.713952,1.0,308140.666848,2393456.992512,31.766132,0.641927,HO,0,1,0,0,0,1
5437,10,3,H,3356,1.0,308144.56256,2393550.250688,308150.282496,2393567.506816,1.0,308147.422528,2393558.878752,18.179429,0.320075,HP,0,1,0,0,0,1
5683,11,1,H,1992,1.0,306004.905598,2392195.746719,306034.660798,2392202.786271,1.0,306019.783198,2392199.266495,30.57658,1.338485,HV,0,1,0,0,0,1
5695,11,1,H,2101,1.0,306132.99843,2392308.494783,306155.438174,2392308.494783,1.0,306144.218302,2392308.494783,22.439744,1.570796,HV,0,1,0,0,0,1
5697,11,1,H,2134,1.0,306216.171614,2392340.332447,306216.621726,2392340.766239,1.0,306216.39667,2392340.549343,0.625121,0.80386,HO,0,1,0,0,0,1
5710,11,1,H,2209,1.0,306254.780158,2392373.256671,306270.055934,2392452.231487,1.0,306262.418046,2392412.744079,80.438616,0.191066,HP,1,1,0,0,1,1
5729,11,1,H,2349,1.0,306319.493214,2392556.387391,306317.326494,2392554.319967,1.0,306318.409854,2392555.353679,2.994815,0.808845,HO,1,1,0,0,1,1
5760,11,1,H,14687,1.0,306260.042814,2392345.119775,306283.217945,2392292.820303,1.0,306271.630379,2392318.970039,57.204208,2.724472,HO,1,1,0,0,0,1
5857,11,3,H,1515,1.0,308724.624096,2391683.993886,308746.279969,2391693.000222,1.0,308735.452033,2391688.497054,23.454017,1.176672,HO,0,1,0,0,0,1
5861,11,3,H,1523,0.0,308686.812288,2391676.50051,308657.717728,2391650.004894,1.0,308672.265008,2391663.252702,39.351126,0.832116,HO,0,1,0,0,0,1
5864,11,3,H,1534,1.0,308839.187233,2391694.004126,308886.843937,2391716.993278,1.0,308863.015585,2391705.498702,52.911837,1.121335,HO,0,1,0,0,0,1
5865,11,3,H,1535,1.0,308886.843937,2391716.993278,308904.594945,2391698.747518,1.0,308895.719441,2391707.870398,25.455963,2.369938,HO,0,1,0,0,0,1
5868,11,3,H,1552,1.0,308886.843937,2391716.993278,308900.005601,2391723.735326,1.0,308893.424769,2391720.364302,14.787989,1.097398,HO,0,1,0,0,0,1
5874,11,3,H,1590,0.0,308911.249825,2391729.50611,308941.939361,2391763.495102,0.0,308926.594593,2391746.500606,45.794096,0.734429,HO,0,1,0,0,0,1
5890,11,3,H,1697,1.0,308716.60272,2391902.05395,308717.400128,2391901.51459,1.0,308717.001424,2391901.78427,0.962688,2.165501,HO,0,1,0,0,0,1
5891,11,3,H,1698,1.0,308717.400128,2391901.51459,308779.898305,2391838.111902,1.0,308748.649216,2391869.813246,89.027653,2.363379,HO,0,1,0,0,0,1
5935,11,3,H,2016,1.0,308500.285536,2392226.100191,308513.355488,2392219.095583,1.0,308506.820512,2392222.597887,14.828627,2.062775,HO,1,1,1,0,0,1
5936,11,3,H,2017,1.0,308513.355488,2392219.095583,308525.499648,2392208.440831,1.0,308519.427568,2392213.768207,16.155629,2.290959,HO,0,1,0,0,0,1
5937,11,3,H,2018,1.0,308525.499648,2392208.440831,308525.959584,2392207.666559,1.0,308525.729616,2392208.053695,0.900577,2.605579,HO,0,1,0,0,0,1
5945,11,3,H,2039,1.0,308410.053024,2392248.990527,308434.189376,2392235.593311,1.0,308422.1212,2392242.291919,27.605233,2.077519,HO,1,1,0,0,1,1
5989,11,3,H,14331,0.0,308919.286209,2391702.893342,308927.745985,2391695.407742,1.0,308923.516097,2391699.150542,11.296106,2.295176,HO,0,1,0,0,0,1
5992,11,4,H,1495,0.0,308954.537057,2391662.47539,308967.959137,2391637.89491,0.0,308961.248097,2391650.18515,28.006289,2.64179,HO,1,1,1,0,0,1
6022,11,4,H,1728,1.0,309043.811521,2391833.755518,309084.029345,2391923.501438,1.0,309063.920433,2391878.628478,98.345328,0.421298,HO,1,1,0,0,1,1
6032,11,4,H,1833,1.0,309307.307937,2392041.745182,309319.910369,2392050.795998,1.0,309313.609153,2392046.27059,15.515752,0.947973,HO,1,1,1,0,0,1
6033,11,4,H,1834,1.0,309319.910369,2392050.795998,309341.678209,2392054.805854,1.0,309330.794289,2392052.800926,22.134087,1.388628,HV,1,1,0,0,1,1
6034,11,4,H,1837,1.0,309363.737313,2392056.744222,309430.594049,2392068.236958,1.0,309397.165681,2392062.49059,67.837351,1.400559,HV,1,1,0,0,1,1
6039,11,4,H,1857,1.0,309474.891905,2392092.186751,309457.162209,2392078.979582,1.0,309466.027057,2392085.583167,22.108176,0.930556,HO,1,1,0,0,1,1
6040,11,4,H,1860,1.0,309431.430113,2392080.477598,309456.360225,2392082.187486,1.0,309443.895169,2392081.332542,24.988681,1.502316,HV,1,1,0,0,1,1
6041,11,4,H,1861,1.0,309456.360225,2392082.187486,309473.716513,2392095.383647,1.0,309465.038369,2392088.785566,21.803197,0.920729,HO,1,1,0,0,1,1
6045,11,4,H,1904,1.0,309509.529505,2392091.248255,309530.250785,2392091.248511,1.0,309519.890145,2392091.248383,20.72128,1.570784,HV,0,1,0,0,0,1
6093,11,4,H,14332,1.0,308927.745985,2391695.407742,308949.284673,2391695.06403,1.0,308938.515329,2391695.235886,21.54143,1.586753,HV,0,1,0,0,0,1
6101,11,4,H,14355,1.0,309250.030337,2392006.247262,309268.688897,2392015.50115,1.0,309259.359617,2392010.874206,20.827297,1.110386,HO,0,1,0,0,0,1
6102,11,4,H,14356,1.0,309268.688897,2392015.50115,309278.082625,2392026.173342,1.0,309273.385761,2392020.837246,14.217518,0.721771,HO,0,1,0,0,0,1
6103,11,4,H,14357,1.0,309278.082625,2392026.173342,309279.582625,2392026.736798,1.0,309278.832625,2392026.45507,1.602337,1.211467,HO,0,1,0,0,0,1
6290,12,2,H,1065,1.0,307272.821023,2391154.396542,307257.861151,2391120.787582,1.0,307265.341087,2391137.592062,36.788041,0.418785,HO,0,1,0,0,0,1
6298,12,2,H,1190,1.0,307320.250015,2391282.735774,307301.575551,2391233.700894,1.0,307310.912783,2391258.218334,52.470516,0.363881,HO,0,1,0,0,0,1
6336,12,3,H,828,1.0,308818.782625,2390756.998205,308904.498561,2390778.255645,1.0,308861.640593,2390767.626925,88.312516,1.327702,HV,1,1,0,0,1,1
6337,12,3,H,829,0.0,308904.498561,2390778.255645,308943.314305,2390778.255645,0.0,308923.906433,2390778.255645,38.815744,1.570796,HV,1,1,0,0,1,1
6340,12,3,H,843,1.0,308749.029953,2390776.756989,308728.845376,2390805.246077,1.0,308738.937664,2390791.001533,34.914829,2.525183,HO,0,1,0,0,0,1
6341,12,3,H,853,1.0,308887.064001,2390815.751101,308923.280833,2390813.001149,1.0,308905.172417,2390814.376125,36.321084,1.646581,HV,1,1,0,0,1,1
6342,12,3,H,856,1.0,308810.159329,2390799.370717,308887.418241,2390820.914365,1.0,308848.788785,2390810.142541,80.20641,1.298854,HV,1,1,0,0,1,1
6343,12,3,H,857,1.0,308887.418241,2390820.914365,308923.523777,2390817.705597,1.0,308905.471009,2390819.309981,36.24784,1.659435,HV,1,1,0,0,1,1
6346,12,3,H,895,1.0,308648.436032,2390830.542173,308616.248416,2390885.998589,1.0,308632.342224,2390858.270381,64.120642,2.6157,HO,0,1,0,0,0,1
6359,12,3,H,979,1.0,308584.28016,2390936.501629,308599.281216,2390907.998205,1.0,308591.780688,2390922.249917,32.209888,2.657135,HO,0,1,0,0,0,1
6417,12,3,H,1428,1.0,308422.84416,2391572.249694,308432.936448,2391572.249694,1.0,308427.890304,2391572.249694,10.092288,1.570796,HV,0,1,0,0,0,1
6419,12,3,H,1433,1.0,308357.189088,2391562.25379,308387.56224,2391573.995774,1.0,308372.375664,2391568.124782,32.563823,1.201903,HO,0,1,0,0,0,1
6420,12,3,H,1434,1.0,308387.56224,2391573.995774,308422.84416,2391572.249694,1.0,308405.2032,2391573.122734,35.3251,1.620245,HV,0,1,0,0,0,1
6422,12,3,H,1447,1.0,308624.841984,2391583.249502,308621.0608,2391566.74979,1.0,308622.951392,2391574.999646,16.927429,0.225277,HP,0,1,0,0,0,1
6423,12,3,H,1448,1.0,308621.0608,2391566.74979,308602.0312,2391551.50141,1.0,308611.546,2391559.1256,24.385216,0.895264,HO,0,1,0,0,0,1
6424,12,3,H,1449,1.0,308602.0312,2391551.50141,308580.59536,2391544.997566,1.0,308591.31328,2391548.249488,22.400786,1.276214,HV,1,1,1,0,0,1
6425,12,3,H,1450,1.0,308580.59536,2391544.997566,308571.658016,2391556.753886,1.0,308576.126688,2391550.875726,14.767775,2.491585,HO,1,1,0,0,1,1
6428,12,3,H,1462,1.0,308434.568576,2391591.492062,308467.872192,2391584.735582,1.0,308451.220384,2391588.113822,33.982067,1.770955,HV,0,1,0,0,0,1
6429,12,3,H,1463,1.0,308467.872192,2391584.735582,308492.962496,2391574.65363,1.0,308480.417344,2391579.694606,27.040139,1.952876,HO,0,1,0,0,0,1
6430,12,3,H,1464,1.0,308492.962496,2391574.65363,308511.866112,2391562.738654,1.0,308502.414304,2391568.696142,22.345321,2.133199,HO,1,1,0,0,1,1
6431,12,3,H,1465,1.0,308511.866112,2391562.738654,308540.947072,2391569.665854,1.0,308526.406592,2391566.202254,29.89462,1.33695,HV,1,1,1,0,0,1
6434,12,3,H,1474,1.0,308318.593376,2391607.504286,308348.842848,2391627.743518,1.0,308333.718112,2391617.623902,36.395839,0.981127,HO,1,1,0,0,1,1
6439,12,3,H,14320,1.0,308607.18736,2391608.493886,308637.4368,2391641.245886,1.0,308622.31208,2391624.869886,44.583877,0.745697,HO,0,1,0,0,0,1
6440,12,3,H,14321,1.0,308637.4368,2391641.245886,308657.717728,2391650.004894,1.0,308647.577264,2391645.62539,22.091543,1.163109,HO,0,1,0,0,0,1
6505,12,4,H,1145,1.0,309079.628577,2391276.768734,309079.089601,2391276.205438,1.0,309079.359089,2391276.487086,0.779614,0.763338,HO,1,1,0,0,1,1
6506,12,4,H,1148,1.0,309065.570625,2391209.068894,309066.942593,2391178.189886,1.0,309066.256609,2391193.62939,30.909472,3.097191,HP,0,1,0,0,0,1
6520,12,4,H,1268,1.0,309074.873441,2391425.941374,309076.225409,2391381.378366,1.0,309075.549425,2391403.65987,44.583512,3.111264,HP,1,1,0,0,1,1
6522,12,4,H,1272,1.0,309096.962145,2391290.526366,309079.628577,2391276.768734,1.0,309088.295361,2391283.64755,22.129732,0.899909,HO,1,1,1,0,0,1
6528,12,4,H,1286,1.0,309059.843553,2391352.006142,309043.811297,2391380.247806,1.0,309051.827425,2391366.126974,32.474988,2.625276,HO,0,1,0,0,0,1
6529,12,4,H,1287,1.0,309043.811297,2391380.247806,309037.032769,2391433.74819,1.0,309040.422033,2391406.997998,53.928096,3.015564,HP,0,1,0,0,0,1
6552,12,4,H,1429,1.0,309042.532673,2391521.994078,309026.376673,2391573.006238,1.0,309034.454673,2391547.500158,53.509409,2.834878,HP,0,1,0,0,0,1
6560,12,4,H,1467,1.0,308984.907361,2391603.750462,309026.376673,2391573.006238,1.0,309005.642017,2391588.37835,51.622777,2.208753,HO,1,1,1,0,0,1
6570,12,4,H,1496,1.0,308967.959137,2391637.89491,308990.740289,2391621.87923,1.0,308979.349713,2391629.88707,27.847493,2.183548,HO,1,1,1,0,0,1
6587,12,4,H,14475,1.0,309035.781473,2390953.248701,309045.062561,2390977.503485,1.0,309040.422017,2390965.376093,25.969851,0.36546,HO,0,1,0,0,0,1
6588,12,4,H,14476,1.0,309045.062561,2390977.503485,309046.313857,2390997.495357,1.0,309045.688209,2390987.499421,20.030993,0.062509,HP,0,1,0,0,0,1
6589,12,4,H,14477,1.0,309046.313857,2390997.495357,309036.936641,2391019.000158,1.0,309041.625249,2391008.247758,23.460363,2.730398,HO,0,1,0,0,0,1
6608,12,4,H,14765,1.0,309071.413569,2391131.163006,309078.860449,2391111.228286,1.0,309075.137009,2391121.195646,21.280251,2.784082,HO,1,1,0,0,0,1
6611,12,4,H,14768,1.0,309061.446241,2391040.311006,309062.821025,2390990.703325,1.0,309062.133633,2391015.507165,49.626727,3.113887,HP,1,1,0,0,0,1
7095,13,2,H,692,1.0,307361.150591,2390369.976861,307366.306143,2390412.481405,1.0,307363.728367,2390391.229133,42.816071,0.120704,HP,0,1,0,0,0,1
7096,13,2,H,693,1.0,307366.306143,2390412.481405,307366.191583,2390438.259069,1.0,307366.248863,2390425.370237,25.777919,3.137149,HP,0,1,0,0,0,1
7099,13,2,H,721,1.0,307360.124447,2390542.005725,307373.071583,2390557.633405,1.0,307366.598015,2390549.819565,20.294155,0.691864,HO,1,1,1,0,0,1
7123,13,2,H,14565,1.0,307422.215071,2390044.147037,307466.438111,2389988.123517,1.0,307444.326591,2390016.135277,71.37445,2.47337,HO,0,1,0,0,0,1
7125,13,2,H,14567,1.0,307468.156607,2389974.719133,307468.621503,2389973.800157,1.0,307468.389055,2389974.259645,1.029876,2.673248,HO,0,1,0,0,0,1
